job_title,publish,company,city,description,link,website,date,search_title
Data Analyst / Scientist (m/w/d),vor 4 Tagen,eWolff GmbH,Bielefeld,"Finde Deine Rolle und verstärke unser Team Data Analytics als Data Analyst / Scientist (m/w/d) Data-Driven? * Science, BWL/VWL, MINT oder ähnliches studiert",https://www.stepstone.de/stellenangebote--Data-Analyst-Scientist-m-w-d-Bielefeld-eWolff-GmbH--8228787-inline.html,stepstone,2022-11-16,Data_Scientist
Data Scientist (m/w/d),vor 1 Woche,CONTACT Software GmbH,"Home-Office oder Bremen, Berlin, Paderborn, Duisburg, Köln, Frankfurt, Karlsruhe, Augsburg, München","CONTACT Software GmbH * Home-Office oder Bremen, Berlin, Paderborn, Duisburg, Köln, Frankfurt, Karlsruhe, Augsburg, München * Feste Anstellung * Home Office möglich,Vollzeit - CONTACT Software verbindet Menschen, Unternehmen und Systeme - Als führender Softwarehersteller für innovative Produktentstehungsprozesse und die digitale Transformation haben wir einen modularen Software-Baukasten auf Basis einer offenen Technologieplattform geschaffen, mit dem unsere weltweiten Kunden als internationale Marktführer ihre Produktdaten in agilen Prozessen und kollaborativen Projekten effizienter nutzen. Seit über 30 Jahren entwickeln und implementieren wir smarte Softwarelösungen, die moderne IT-Systeme mit dem Internet der Dinge (IoT) verbinden. Mehr als 350 kreative Köpfe an über zehn Standorten und ein internationales Partnernetzwerk arbeiten täglich daran, unsere Angebote und",https://www.stepstone.de/stellenangebote--Data-Scientist-m-w-d-Home-Office-oder-Bremen-Berlin-Paderborn-Duisburg-Koeln-Frankfurt-Karlsruhe-Augsburg-Muenchen-CONTACT-Software-GmbH--8869313-inline.html,stepstone,2022-11-16,Data_Scientist
Data Scientist / Analyst - Web (m/w/d),vor 2 Wochen,Neue Westfälische GmbH & Co. KG,Bielefeld,Wir suchen nach einem Data Analyst/Data Scientist (m/w/d) mit dem Fokus auf unsere Website.,https://www.stepstone.de/stellenangebote--Data-Scientist-Analyst-Web-m-w-d-Bielefeld-Neue-Westfaelische-GmbH-Co-KG--8866842-inline.html,stepstone,2022-11-16,Data_Scientist
Data Scientist (m/w/d),vor 2 Wochen,FERCHAU GmbH,Bielefeld,"Planung, Konzeption, Umsetzung und Wartung von Lösungen in den Bereichen Big Data und Data Science",https://www.stepstone.de/stellenangebote--Data-Scientist-m-w-d-Bielefeld-FERCHAU-GmbH--7838347-inline.html,stepstone,2022-11-16,Data_Scientist
Software Entwickler * IIoT Services,vor 3 Wochen,Weidmüller Gruppe,Paderborn,"Eigenverantwortliche Mitarbeit in einem agilen Softwareentwicklungsprozess und in enger Zusammenarbeit mit Frontend-Entwicklern *, UX-Designern *, und Applikations-Ingenieuren *",https://www.stepstone.de/stellenangebote--Software-Entwickler-IIoT-Services-Paderborn-Weidmueller-Gruppe--8078081-inline.html,stepstone,2022-11-16,Data_Scientist
(Senior) Key Expert* IIoT & Data Science,vor 1 Woche,HARTING Stiftung & Co. KG,Espelkamp in der Region Bielefeld,"(Senior) Key Expert* IIoT & Data Science - The Senior Key Expert for IIoT & Data Science will drive the topic of the industrial internet of things and related science to push advanced connectivity for IIoT applications and deliver the technologies to accomplish -driven business models. * Represent the topics of IIoT and science as a designated expert and contact person * Expert knowledge in most of the following scientific areas: cloud infrastructure, structures, understanding and application of artificial intelligence and algorithms, digital twin, digital services, common digital exchange formats, programming languages and frameworks * Technology enthusiasm, curiosity about IIoT and science as well as interest in adjacent tech",https://www.stepstone.de/stellenangebote--Senior-Key-Expert-IIoT-Data-Science-Espelkamp-in-der-Region-Bielefeld-HARTING-Stiftung-Co-KG--8837269-inline.html,stepstone,2022-11-16,Data_Scientist
Enterprise Data Architect (m/f/d),vor 1 Tag,Arvato Infoscore GmbH,"Oslo, Berlin, Baden-Baden, Verl","In this role you will work extensively with data and data analysis in a variety of tools and methods. We expect you to be truly interested in and love to work and wrangle with it. Ultimately, you will enhance our business intelligence solutions to help us make better decisions and become a more driven company. * You design the architecture of our modern platform that enables BI, Science and Machine Learning. * You formulate techniques for quality collection to ensure adequacy, accuracy and legitimacy of * You create, improve and maintain our architectures to create and distribute complex datasets. * You make sure is separated, secured and meeting local as well",https://www.stepstone.de/stellenangebote--Enterprise-Data-Architect-m-f-d-Oslo-Berlin-Baden-Baden-Verl-Arvato-Infoscore-GmbH--8871550-inline.html,stepstone,2022-11-16,Data_Scientist
Enterprise Data Architect (m/f/d),vor 2 Tagen,Arvato Infoscore GmbH,"Berlin, Verl, Baden-Baden","You design the architecture of our modern data platform that enables BI, Data Science and Machine Learning. * You formulate techniques for quality collection to ensure adequacy, accuracy and legitimacy of * You create, improve and maintain our architectures to create and distribute complex datasets. * You make sure is separated, secured and meeting local as well as international security and privacy standards such as GDPR and other. * You define objects and attributes, definitions, and RASIC matrix for creation, access, change, sources of truth. * You create and enforce policies for effective management. * You ensure digital databases and",https://www.stepstone.de/stellenangebote--Enterprise-Data-Architect-m-f-d-Berlin-Verl-Baden-Baden-Arvato-Infoscore-GmbH--8917739-inline.html,stepstone,2022-11-16,Data_Scientist
"(Junior) Consultant (w/m/d) IT Prozesse, Big Data und Compliance",vor 2 Tagen,KPMG AG Wirtschaftsprüfungsgesellschaft,"Leipzig, Bielefeld, Dresden, Bremen, Freiburg, Essen, Mainz, Karlsruhe, Dortmund, Regensburg","Als (Junior) Consultant (w/m/d) IT Prozesse, Big Data und Compliance prüfst Du die Systeme unserer Kunden und Kundinnen und bewertest deren IT gestützte Geschäftsprozesse. * Als (Junior) Consultant (w/m/d) für IT Prozesse, Big und Compliance prüfst Du die Einhaltung von Anforderungen im IT-Compliance- und IT Governance-Umfeld und berätst unsere Kund:innen bei der Umsetzung der Regularien. Internet of Things (IoT), Big SAP, Industrie 4.0, IT-Revision, IT Audit oder Robotics sind keine Fremdwörter für Dich.",https://www.stepstone.de/stellenangebote--Junior-Consultant-w-m-d-IT-Prozesse-Big-Data-und-Compliance-Leipzig-Bielefeld-Dresden-Bremen-Freiburg-Essen-Mainz-Karlsruhe-Dortmund-Regensburg-KPMG-AG-Wirtschaftspruefungsgesellschaft--8905503-inline.html,stepstone,2022-11-16,Data_Scientist
Lighting Modules Technology & Portfolio Engineer (m/f/d),vor 5 Tagen,HELLA Gruppe,Lippstadt,"HELLA Gruppe - Lighting Modules Technology & Portfolio Engineer (m/f/d) * Lippstadt * Feste Anstellung * Home Office möglich,Vollzeit - HELLA GmbH & Co. KGaA - HELLA is a listed, internationally positioned automotive supplier operating under the umbrella brand FORVIA. Within this de facto group, HELLA stands for high-performance lighting technology and automotive electronics. At the same time, the Company covers a broad service and product portfolio for the spare parts and workshop business as wellacturers of special-purpose vehicles with its Lifecycle Solutions business group. HELLA has around 36,000 employees at more than 125 locations worldwide and generated consolidated sales of € 6.3 billion in the fiscal year 2021/2022. As a Lighting Modules Technology & Portfolio Engineer in the Business Group Lighting you are the engineering pioneer for the future of lighting",https://www.stepstone.de/stellenangebote--Lighting-Modules-Technology-Portfolio-Engineer-m-f-d-Lippstadt-HELLA-Gruppe--8911467-inline.html,stepstone,2022-11-16,Data_Scientist
(Senior) Consultant Data Analytics – Public Sector und Energy Consulting (w/m/d),vor 1 Woche,PwC,"Bielefeld, Düsseldorf, Frankfurt a. M., Hannover, Köln","Dein Studium hast du erfolgreich abgeschlossen und bringst erste Berufserfahrung in den Bereichen Reporting, Controlling und Analytics mit.",https://www.stepstone.de/stellenangebote--Senior-Consultant-Data-Analytics-Public-Sector-und-Energy-Consulting-w-m-d-Bielefeld-Duesseldorf-Frankfurt-a-M-Hannover-Koeln-PwC--8488672-inline.html,stepstone,2022-11-16,Data_Scientist
(Senior) Data Engineer (m/f/d),vor 1 Woche,Arvato Infoscore GmbH,"Berlin, Baden-Baden, Verl","Our ambition is higher and now we have a great opportunity for a Data Engineer (m/f/d) to join our growing team. to create and manage BI and analytics solutions that turn data into knowledge using cutting-edge technology. In this role you will work extensively with data and data analysis in a variety of tools and methods. We expect you to be truly interested in data and love to work and wrangle with it. Ultimately, you will enhance our business intelligence solutions to help us make better decisions and become a more data driven company. * Semantic Power BI data modelling and dashboarding for requested initiatives. * Take lead in design and development of ETL solutions using Azure Data Factory, Databricks and other data tools. * Collaborate with international teams to integrate varieties of systems ultimately creating the 'Riverty data universe'.",https://www.stepstone.de/stellenangebote--Senior-Data-Engineer-m-f-d-Berlin-Baden-Baden-Verl-Arvato-Infoscore-GmbH--8891646-inline.html,stepstone,2022-11-16,Data_Scientist
Analyst Consultant (all genders) SAP SuccessFactors,vor 2 Wochen,adesso orange AG,"Dortmund, Oldenburg, Osnabrück,Paderborn,Potsdam,Reutlingen,Rostock,Saarbrücken Stralsund, Stuttgart","adesso orange AG * Dortmund, Oldenburg, Osnabrück,Paderborn,Potsdam,Reutlingen,Rostock,Saarbrücken Stralsund, Stuttgart * Feste Anstellung * Home Office möglich,Vollzeit - Wir sind adesso orange, das SAP Powerhouse der adesso Gruppe: eines der größten deutschen - IT-Dienstleistungsunternehmen mit beeindruckender Wachstumsperspektive. Als SAP Gold Partner treiben wir mit unseren mehr als 300 Expertinnen und Experten den digitalen Wandel in unterschiedlichsten Branchen in ganz Deutschland voran. Dafür suchen wir Teamplayer, die sich mit Kompetenz, Kreativität und Leidenschaft in unsere IT-Projekte einbringen. adesso orange macht Tempo – auch wenn es um die Weiterentwicklung unserer Mitarbeitenden geht. Denn schließlich wollen wir gemeinsam mit dir wachsen. Für unsere Ziele packen wir alle mit an - vom Werkstudenten bis zum Management.",https://www.stepstone.de/stellenangebote--Analyst-Consultant-all-genders-SAP-SuccessFactors-Dortmund-Oldenburg-Osnabrueck-Paderborn-Potsdam-Reutlingen-Rostock-Saarbruecken-Stralsund-Stuttgart-adesso-orange-AG--8164729-inline.html,stepstone,2022-11-16,Data_Scientist
Junior Data Engineer (m/w/d),vor 1 Woche,CTH Gesellschaft für Entscheidungs- und Informationssysteme mbH,Halle,"Zur Unterstützung unserer Bereiche Anwendungsberatung/-entwicklung und Systemanalyse/-entwicklung suchen wir Sie als motivierte(n), engagierte(n) Junior Engineer (m/w/d) * Realisierung von BI / Big Lösungen im Backend (Datenmodell, Struktur, ETL, Datenhaltung)",https://www.stepstone.de/stellenangebote--Junior-Data-Engineer-m-w-d-Halle-CTH-Gesellschaft-fuer-Entscheidungs-und-Informationssysteme-mbH--8829042-inline.html,stepstone,2022-11-16,Data_Scientist
Praktikant/Werkstudent Nachhaltigkeit Data Specialist (w/m/d),vor 2 Wochen,PwC,"Berlin, Bielefeld, Bremen, Duisburg, Düsseldorf, Erfurt, Essen, Frankfurt a. M., Hamburg, Hannover","PwC * Berlin, Bielefeld, Bremen, Duisburg, Düsseldorf, Erfurt, Essen, Frankfurt a. M., Hamburg, Hannover * Praktikum,Studentenjobs, Werkstudent * Teilzeit,Vollzeit - Du hast Talent. Wir sind ein internationales Netzwerk aus 284.000 Mitarbeiter:innen, die ihr Wissen, ihre Erfahrungen und ihre Ideen miteinander teilen. Du suchst einen herausfordernden, spannenden Job. Wir bieten dir als weltweit führende Wirtschaftsprüfungs- und Beratungsgesellschaft ein Maximum an Möglichkeiten für einen Karriereweg nach deinen Vorstellungen. Du möchtest Verantwortung für deine Ergebnisse übernehmen, Lösungen gemeinsam mit dem Kunden entwickeln, die digitale Transformation in Deutschland vorantreiben und einen Arbeitgeber mit passenden Werten. Unser Denken und Handeln orientiert sich an Grundsätzen, die von Vertrauen, Respekt, Weitsicht, Wertschätzung und Innovation geprägt sind.",https://www.stepstone.de/stellenangebote--Praktikant-Werkstudent-Nachhaltigkeit-Data-Specialist-w-m-d-Berlin-Bielefeld-Bremen-Duisburg-Duesseldorf-Erfurt-Essen-Frankfurt-a-M-Hamburg-Hannover-PwC--8752064-inline.html,stepstone,2022-11-16,Data_Scientist
Analyst Formular Consultant (all genders),vor 3 Wochen,adesso orange AG,"Dortmund, Hannover, Jena, Karlsruhe, Kiel, Köln, Leipzig, München, Nürnberg, Paderborn, Potsdam","adesso orange AG * Dortmund, Hannover, Jena, Karlsruhe, Kiel, Köln, Leipzig, München, Nürnberg, Paderborn, Potsdam * Feste Anstellung * Vollzeit - Die adesso orange AG ist Teil der adesso Group, ein börsennotiertes Beratungs- und IT-Dienstleistungsunternehmen mit rund 5.000 Mitarbeitenden. Die adesso orange AG ist im April 2021 aus einem Zusammenschluss der QUANTO AG mit der adesso Group entstanden. Als SAP® Gold-Partner bieten wie schnelle Verantwortungsübernahme und herausfordernde Aufgaben, wir arbeiten auf Augenhöhe und stärken uns gegenseitig. Wir lieben, was wir tun und entwickeln gemeinsam mit unseren Kunden zukunftsorientierte Lösungen. Unsere Leidenschaft sind technische und betriebswirtschaftliche Themen mit Schwerpunkt auf SAP® Lösungen und modernen Entwicklungstechnologien. Spätestens 2027 beendet SAP® den Support für sein Altsystem.",https://www.stepstone.de/stellenangebote--Analyst-Formular-Consultant-all-genders-Dortmund-Hannover-Jena-Karlsruhe-Kiel-Koeln-Leipzig-Muenchen-Nuernberg-Paderborn-Potsdam-adesso-orange-AG--7736288-inline.html,stepstone,2022-11-16,Data_Scientist
Data Scientist (w/m/d),vor 10 Stunden,Kienbaum Consultants International GmbH - Zentrale,bundesweit,Das Team “Data Science and Data Management” verantwortet den gesamten Datenverarbeitungsprozess von der Datenerhebung bis hin zur Erstellung von digitalen Produkten.,https://www.stepstone.de/stellenangebote--Data-Scientist-w-m-d-bundesweit-Kienbaum-Consultants-International-GmbH-Zentrale--8924553-inline.html,stepstone,2022-11-16,Data_Scientist
Junior Geo Data Scientist (m/w/d),vor 2 Tagen,Telefónica Germany GmbH & Co. OHG,bundesweit,"Als Junior Geo Data Scientist bist Du zentraler Teil des Business & Strategic Analytics Teams, in dem wir eine offene Atmosphäre pflegen und vor allem mit viel Motivation und Spaß bei der Sache sind! Als GEOoffice sind wir Teil des Digital & Competence Centers bei Telefónica Deutschland und unterstützen die Fachbereiche (beispielsweise Technology, B2B, B2C und B2P) durch geographische Analysen und Daten. * Gute Kenntnisse in SQL-Programmierung sowie einer Science Programmiersprache (bspw. Python)",https://www.stepstone.de/stellenangebote--Junior-Geo-Data-Scientist-m-w-d-bundesweit-Telefonica-Germany-GmbH-Co-OHG--8916684-inline.html,stepstone,2022-11-16,Data_Scientist
Data Architect (gn),vor 19 Stunden,SoftwareONE Deutschland GmbH,"Home-Office, Leipzig, Berlin, Hamburg","Unser Team ist ein Mix aus Data Architects, Data Scientists und Application Architects. Die rasante Entwicklung von neuen Technologien und Rechenkapazitäten bietet dabei ständig neue Möglichkeiten, die wir für unsere Kunden in den Bereichen Digital Advisory, Solution Architecture oder Analytics nutzen. Als Architect (gn) wirst du Teil unseres 10-köpfigen Advisory-Teams. Wir beraten Größen aus allen Branchen zu Lakes, Warehousing, BI & AI Analytics, Big eben alles rund um als Basis für valide Business Entscheidungen und bieten damit immer spannende neue Projektumfelder, ob Beratung, Proof-of-Concept oder MVP. * Definition und Kontrolle der Governance liegen in deinen Händen. * Deine",https://www.stepstone.de/stellenangebote--Data-Architect-gn-Home-Office-Leipzig-Berlin-Hamburg-SoftwareONE-Deutschland-GmbH--8450015-inline.html,stepstone,2022-11-16,Data_Scientist
Software Engineer – Data Science & Data Management w/m/d,vor 3 Wochen,Kienbaum Consultants International GmbH - Zentrale,bundesweit,"Dabei arbeitest Du in interdisziplinären Teams aus Data Scientists, Data Engineers, Anwendungsentwickler:innen, IT Operations und Produktmanager:innen. Software Engineer – Science & Management w/m/d - Das Team „ Science and Management“ verantwortet den gesamten Datenverarbeitungsprozess von der Datenerhebung bis hin zur Erstellung von digitalen Produkten.",https://www.stepstone.de/stellenangebote--Software-Engineer-Data-Science-Data-Management-w-m-d-bundesweit-Kienbaum-Consultants-International-GmbH-Zentrale--8738239-inline.html,stepstone,2022-11-16,Data_Scientist
"Elektriker, Elektroniker oder Mechatroniker (m/w/d) Gebäudetechnik DP DHL - Hannover",vor 1 Woche,Deutsche Post DHL Facility Management Deutschland GmbH,"Hannover, D-PLZ 30","Deutsche Post DHL Facility Management Deutschland GmbH * Hannover, D-PLZ 30 * Feste Anstellung * Vollzeit - Was wir bieten - CORPORATE REAL ESTATE – IMMOBILIENDIENSTLEISTUNGEN FÜR DIE LOGISTIK VON HEUTE UND MORGEN - Lust, die Zukunft der Logistik mitzugestalten - nicht irgendwo - sondern bei Deutsche Post DHL Group, dem weltweit führenden Logistikanbieter? Dann kommen Sie ins Team von Corporate Real Estate. 1.400 Expertinnen und Experten freuen sich auf Sie. Briefzentren, Paketzentren, Zustellstützpunkte, uvm. – kurzum – tausende Immobilien des flächendeckenden Brief- und Paketnetzes in Deutschland welche kontinuierlich unter Digitalisierungs- und Nachhaltigkeitsaspekten ausgebaut werden. * Ein sicherer Arbeitgeber und ein unbefristetes Arbeitsverhältnis – auch in Krisenzeiten * Modernste Arbeitsbedingungen - bei uns erhalten Sie Freiräume, die es Ihnen ermöglicht, Ih",https://www.stepstone.de/stellenangebote--Elektriker-Elektroniker-oder-Mechatroniker-m-w-d-Gebaeudetechnik-DP-DHL-Hannover-Hannover-D-PLZ-30-Deutsche-Post-DHL-Facility-Management-Deutschland-GmbH--8897151-inline.html,stepstone,2022-11-16,Data_Scientist
Senior Clinical Scientist (Translational Medicine Expert) (f/m/d),vor 1 Woche,CureVac SE,Rhein-Main-Gebiet,"Discuss plans and data with and integrate their advice to achieve and maintain excellence in the field * Provide analysis, interpretation and integration of immunomonitoring/ biomarker into regulatory documents/ study reports and publications * Managing projects involving clinical sample/ analyses conducted at contractors or academic collaborators",https://www.stepstone.de/stellenangebote--Senior-Clinical-Scientist-Translational-Medicine-Expert-f-m-d-Rhein-Main-Gebiet-CureVac-SE--8839241-inline.html,stepstone,2022-11-16,Data_Scientist
Fullstack Senior Software Engineer (m/w/d),vor 6 Tagen,IU Internationale Hochschule,deutschlandweit,"You develop new automation tools to extend our learning media databases in collaboration with our AI product owners, domain experts and key users - We are passionate, competitive, open to everything new - and we love",https://www.stepstone.de/stellenangebote--Fullstack-Senior-Software-Engineer-m-w-d-deutschlandweit-IU-Internationale-Hochschule--8860251-inline.html,stepstone,2022-11-16,Data_Scientist
DataOps Engineer (m/f/d),vor 1 Woche,Vaillant Group Business Services GmbH,"Remscheid, Home-Office","You contribute to the constant extension and improvement of the data hub infrastructure and work close with and engineers to understand their needs and requirements * You are part of a growing agile community creating the backbone for the digital future of Vaillant * As a member of a newly build team, you support the development and operation of a hub and corresponding interfaces and loads * You are responsible for the implementation, automation, operation and further development of processing pipeline and integrations * Furthermore, you design the integration architecture and infrastructure together with the architects and integrate it in the existing setup * You have been exposed to the",https://www.stepstone.de/stellenangebote--DataOps-Engineer-m-f-d-Remscheid-Home-Office-Vaillant-Group-Business-Services-GmbH--8841355-inline.html,stepstone,2022-11-16,Data_Scientist
Field Service Engineer (m/f/d),vor 5 Tagen,Bruker Nano GmbH,"bundesweit, Österreich","Bruker is enabling scientists to make breakthrough discoveries and develop new applications that improve the quality of human life. * Good computer literacy, including familiarity with system hardware and industry standard operating systems",https://www.stepstone.de/stellenangebote--Field-Service-Engineer-m-f-d-bundesweit-Oesterreich-Bruker-Nano-GmbH--8864694-inline.html,stepstone,2022-11-16,Data_Scientist
(Junior/Senior) Business Analyst (w/m/d),vor 2 Wochen,ALTER SOLUTIONS Deutschland GmbH,"Düsseldorf, Münster, München, Hamburg, Berlin, bundesweit ( Home-Office)","Jeder einzelne unserer über 60 Agile Consultants, DevOps Engineers, UI Designer, Java Developer, Cloud Architekten, Test Automatisierer, IoT Experten, Ethical Hacker, Penetration Tester und ist für uns der wichtigste und wertvollste Mitarbeiter.",https://www.stepstone.de/stellenangebote--Junior-Senior-Business-Analyst-w-m-d-Duesseldorf-Muenster-Muenchen-Hamburg-Berlin-bundesweit-Home-Office-ALTER-SOLUTIONS-Deutschland-GmbH--7821375-inline.html,stepstone,2022-11-16,Data_Scientist
Senior Product Manager / Kundenkonto (all genders) - full remote möglich,vor 2 Tagen,Chrono24 GmbH,"Karlsruhe, Home-Office","Mit einem interdisziplinären Scrum Team aus UX/UI-Designern, Entwicklern, Testern, Data Scientisten und weiteren Experten, bringst Du mit agilen Methoden Business Anforderungen und Nutzerperspektive überein und gestaltest so aktiv den Erfolg unseres Marktplatzes.",https://www.stepstone.de/stellenangebote--Senior-Product-Manager-Kundenkonto-all-genders-full-remote-moeglich-Karlsruhe-Home-Office-Chrono24-GmbH--8915961-inline.html,stepstone,2022-11-16,Data_Scientist
DevOps Engineer (m/w/d),vor 1 Woche,Bildungsinnovator,"Home-Office, Düsseldorf, Kleve","Bildungsinnovator * Home-Office, Düsseldorf, Kleve * Feste Anstellung * Home Office möglich,Vollzeit - Cloud Engineer DevOps (m/w/d) Für unsere Standorte Düsseldorf und Kleve oder aus dem Home-Office - DU WILLST BEI DER ENTWICKLUNG DER LERNKARTEN MIT ANPACKEN – ohne Druck durch Deadlines, sondern bedarfsorientiert und gut durchdacht? Gemeinsam mit unserem agilen Entwicklerteam arbeitest Du an der Weiterentwicklung unseres Produktes „LXT“ – einer Lernplattform inkl. CMS für Unternehmen die Lerninhalte bereitstellen. Dabei sind der Einsatz aktueller Technologien und wirksamer Methoden für Dich genauso selbstverständlich wie Spaß bei der Arbeit. Direkte Kommunikation und Zusammenarbeit sind uns wichtig – genauso wie Deine Work-Life-Balance. Aus diesem Grund bieten wir Dir die Flexibilität zu arbeiten, wo du möchtest.",https://www.stepstone.de/stellenangebote--DevOps-Engineer-m-w-d-Home-Office-Duesseldorf-Kleve-Bildungsinnovator--8476990-inline.html,stepstone,2022-11-16,Data_Scientist
Systems & Data Manager (m/w/d) Procurement,08.11.2022,Dr. August Oetker Nahrungsmittel KG,Bielefeld,"Als Systems & Data Manager (m/w/d) Procurement verantwortest du das Management unserer IT-Systeme sowie unsere Lieferanten und Dienstleister im internationalen Einkauf und behältst dabei auch Nachhaltigkeitsthemen im Blick. Du trägst durch Lösungsentwicklungen zur Optimierung im internationalen Einkauf bei und stehst bei Systemproblemen beratend zur Seite. Du unterstützt aktiv die internationale IT-Umsetzung durch den Neuaufbau sowie die Betreuung interner und externer Schnittstellen. Du führst eigenverantwortlich System- und Prozessschulungen für internationale Mitarbeiter*innen durch und betreust die internationalen Lieferanten- und Materialstammdaten im SAP/SRM. Darüber hinaus gehört auch die Leitung und Mitarbeit bei internationalen Projekten im Rahmen der IT-Systeme, Prozesse und Stammdaten zu deinen Aufgaben.",https://www.jobware.de/job/systems-data-manager-m-w-d-procurement.1010205235.html,jobware,2022-11-16,Data_Scientist
IT Inhouse Consultant Business Intelligence / Data Analyst (m/w/d),08.11.2022,Wilhelm Böllhoff GmbH & Co. KG,Bielefeld,"Erstellung von Auswertungen, Analysen, Berichten und Planungen Bedienung und Weiterentwicklung bestehender KPIs Zentraler Ansprechpartner für die Entwicklung unternehmensweiter Standardberichte und Dashboards Analyse der Geschäftsanforderungen der weltweiten internen Kunden Erstellung passgenauer technischer BI-Konzepte und deren Umsetzung mithilfe modernster BI-Technologien Durchführung von Marktbeobachtungen und Verfolgung aktueller Trends im BI- und Advanced-Analytics-Umfeld Enge Zusammenarbeit mit den Fachbereichen, um die Berichtslandschaft weiterzuentwickeln und zu administrieren",https://www.jobware.de/job/it-inhouse-consultant-business-intelligence-data-analyst-m-w-d.1010321955.html,jobware,2022-11-16,Data_Scientist
Ausbildung - Duales Studium Wirtschaftsinformatik - Data Science (m/w/d),05.11.2022,Hellmann Worldwide Logistics Germany GmbH & Co. KG,Osnabrück,"Du übernimmst Verantwortung im Rahmen von IT-Kunden-Projekten unter Einbeziehung fachlicher, technischer, organisatorischer, finanzieller und personeller Aspekte Du führst Kundenberatung im Sinne von Analyse, Optimierung von Prozessen als auch Initiierung und Steuerung von Projekten durch Du agierst lösungsorientiert: In der Projektarbeit und bei operativen Problemstellungen erarbeitest du praxisnahe Lösungen und unterstützt im Sinne unserer Kunden und TEAM Du denkst immer einen Schritt weiter: In deiner Rolle treibst du die erfolgreiche Konzeption, Realisierung und Implementierung unserer Software voran Du bist mittendrin: Als Ansprechpartner*in fungierst du als Schnittstelle zwischen den Anforderungen unserer Kunden und der Umsetzung durch dein Team Du zeigst Einsatz und bist wirtschaftlich und technisch verantwortlich für die erfolgreiche Durchführung der Projekte",https://www.jobware.de/job/ausbildung-duales-studium-wirtschaftsinformatik-data-science-m-w-d.1008363745.html,jobware,2022-11-16,Data_Scientist
IT-Projektmanager*in (m/w/d) Intralogistiksoftware,08.11.2022,TEAM GmbH,Paderborn,"Data Science - Duales Studium zum Bachelor of Science (B.Sc.) Experten für Datenanalyse - in vielen Branchen gefragt Data Scientists kennen die Methoden, mit denen sich große Datenmengen aus verschiedenen Quellen nutzbar machen lassen. Sie gestalten Strukturen und Anwendungen für die Analyse. Dazu gehören Datenintegration und -modellierung sowie die Gestaltung der Front-Ends. Wirtschaftsinformatiker bringen bei diesen Aufgaben auch ihre betriebswirtschaftlichen Kenntnisse ein. Deshalb sind sie oft die Verbindung an der Schnittstelle zwischen der IT und den Fachabteilungen. Ein typisches Aufgabengebiet ist der Bereich Business Intelligence. Hierbei handelt es sich um Analysemethoden, die unternehmerische Entscheidungen auf verschiedenen Ebenen unterstützen. Die Arbeitsmarkchancen in diesem Berufszweig sind ausgesprochen gut. Organisation des Studiums Das duale Bachelor-Studium der Wirtschaftsinformatik mit Spezialisierung auf Data Science vermittelt umfassendes theoretisches Wissen und praktische Fähigkeiten auf diesem Gebiet. Typisch für diese Studienform ist der Wechsel von Theorie- und Praxisphasen, der quartalsweise erfolgt. Dafür kooperiert die Hochschule mit Praxispartnern. In diesen Unternehmen können die Studierenden ihre erworbenen Kenntnisse anwenden. Die inhaltliche Ausrichtung und die zeitliche Organisation der praktischen Ausbildung sind mit der FHDW abgestimmt. Das duale Studium dauert sechs Semester und führt zum Abschluss Bachelor of Science.",https://www.jobware.de/job/it-projektmanager-in-m-w-d-intralogistiksoftware.944539705.html,jobware,2022-11-16,Data_Scientist
Ausbildung - Duales Bachelor-Studium Wirtschaftsinformatik - Data Science (m/w/d),16.05.2022,Fachhochschule der Wirtschaft Paderborn (FHDW),Paderborn,"Data Science - Duales Studium zum Bachelor of Science (B.Sc.) Experten für Datenanalyse - in vielen Branchen gefragt Data Scientists kennen die Methoden, mit denen sich große Datenmengen aus verschiedenen Quellen nutzbar machen lassen. Sie gestalten Strukturen und Anwendungen für die Analyse. Dazu gehören Datenintegration und -modellierung sowie die Gestaltung der Front-Ends. Wirtschaftsinformatiker bringen bei diesen Aufgaben auch ihre betriebswirtschaftlichen Kenntnisse ein. Deshalb sind sie oft die Verbindung an der Schnittstelle zwischen der IT und den Fachabteilungen. Ein typisches Aufgabengebiet ist der Bereich Business Intelligence. Hierbei handelt es sich um Analysemethoden, die unternehmerische Entscheidungen auf verschiedenen Ebenen unterstützen. Die Arbeitsmarkchancen in diesem Berufszweig sind ausgesprochen gut. Organisation des Studiums Das duale Bachelor-Studium der Wirtschaftsinformatik mit Spezialisierung auf Data Science vermittelt umfassendes theoretisches Wissen und praktische Fähigkeiten auf diesem Gebiet. Typisch für diese Studienform ist der Wechsel von Theorie- und Praxisphasen, der quartalsweise erfolgt. Dafür kooperiert die Hochschule mit Praxispartnern. In diesen Unternehmen können die Studierenden ihre erworbenen Kenntnisse anwenden. Die inhaltliche Ausrichtung und die zeitliche Organisation der praktischen Ausbildung sind mit der FHDW abgestimmt. Das duale Studium dauert sechs Semester und führt zum Abschluss Bachelor of Science.",https://www.jobware.de/job/ausbildung-duales-bachelor-studium-wirtschaftsinformatik-data-science-m-w-d.856211415.html,jobware,2022-11-16,Data_Scientist
Ausbildung - Duales Bachelor-Studium Wirtschaftsinformatik - Data Science (m/w/d),16.05.2022,Fachhochschule der Wirtschaft Bielefeld (FHDW),Bielefeld,"Mitarbeit in einem jungen und motivierten Entwicklungsteam mit zahlreichen Schnittstellen im gesamten Unternehmen und zu den Verbundpartnern der Sparkassen Finanzgruppe. Unterstützung und Mitwirkung bei der fachlichen Neu- und Weiterentwicklung einer innovativen Vertriebsanwendung aus dem Bereich Data Analytics (z. B. Dokumentation und Visualisierung von Prozessen und Arbeitshilfen, Gestaltung von Benutzeroberfläche unter Berücksichtigung von UX- & Usability-Aspekten) Unterstützung im Rahmen des IT-Projektmanagements (z.B. Aufbereitung managementtauglicher Präsentationen, Durchführung von Auswertungen und Analysen, Vorbereitung von Workshops) Kennenlernen von professionellen Projektabläufen und effektiver Softwarebereitstellung in einem Multimandantenbetrieb",https://www.jobware.de/job/ausbildung-duales-bachelor-studium-wirtschaftsinformatik-data-science-m-w-d.856439935.html,jobware,2022-11-16,Data_Scientist
Werkstudent (m/w/d) Produkt- & Projektmanagement im Bereich Data Analytics,10.11.2022,Finanz Informatik GmbH & Co. KG,Münster,"Du bist für den Aufbau der Integrationslandschaft zwischen Sana Einkauf und Logistik, seinen Kooperationskliniken und Lieferanten zuständig. Du arbeitest im Projektmanagement, in der Beratung sowie Umsetzung beim Aufbau von Schnittstellen zwischen dem Master Data Management System und den externen ERP Systemen unserer Partner und Kunden. Du optimierst die bestehenden Integrationen innerhalb der Datenlandschaft der Sana Einkauf und Logistik. Du bist für den Aufbau von Schnittstellen zwischen dem internen Master Data Management System und dem SAP ERP von Sana zuständig. Du betreust und pflegst die Schnittstellen.",https://www.jobware.de/job/werkstudent-m-w-d-produkt-projektmanagement-im-bereich-data-analytics.1012390685.html,jobware,2022-11-16,Data_Scientist
(Senior) Data Engineer (m/w/d),10.11.2022,Sana Einkauf & Logistik GmbH,bundesweit,"Innerhalb des Teams Marketing Analytics verantwortest Du die Entwicklung statistischer Modelle und datenbasierter, smarter Algorithmen, um unser Online Marketing unter Berücksichtigung datenschutzrechtlicher Aspekte immer personalisierter zu gestalten und im richtigen Moment an unsere Zielgruppen auszuspielen Insbesondere entwickelst Du unsere Data-driven Attributionsmodelle kontinuierlich weiter und bist Impulsgeber wie auch Sparringspartner für Marketing Analysten und Online Marketing Manager Du lernst Online Marketing dabei als spannenden Bereich mit komplexen Herausforderungen für Machine Learning kennen, setzt ein breites Spektrum an Werkzeugen zur Lösung Business-bezogener Fragestellungen ein und verbesserst unser Online Marketing mit Artificial Intelligence und Predictive Analytics In enger Zusammenarbeit mit Marketing Analysten, Online Marketing Managern, AdTechStack Product Ownern und anderen Data Scientists bringst Du Deine Modelle live und optimierst diese kontinuierlich",https://www.jobware.de/job/senior-data-engineer-m-w-d.1012769605.html,jobware,2022-11-16,Data_Scientist
Senior Data Scientist Online Marketing & E-Commerce / Remote möglich (m/w/d),04.10.2022,E. Breuninger,Dortmund,"Als Leiter:in Marketing Analytics & Intelligence erwartet Dich ein anspruchsvolles Aufgabengebiet mit einem hohen Maß an Eigenverantwortung und Raum für neue Ideen Gemeinsam mit Deinem Team aus Marketing Analyst:innen und Data Scientists verantwortest Du die gesamte Datenanalyse und -interpretation des digitalen Marketings in allen Ländern, entwickelst eigene Algorithmen und unterstützt bei der Realisierung von innovativen MarTech Produkten und Use Cases Zur Maximierung des Marketing ROI verbesserst Du kontinuierlich das dynamische Attribution Modelling, implementierst Predictive Models und entwickelst unsere Budgetsteuerungsmodelle weiter Du verantwortest die Erfolgsmessung unserer on- und offline Marketingaktivitäten, die Weiterentwicklung des Berichtswesen, die Forecasting-Prozesse und definierst entsprechende KPI-Systeme Darüber hinaus gestaltest Du den weiteren Ausbau des Teams und übernimmst die disziplinarische und fachliche Führung von acht Teammitgliedern",https://www.jobware.de/job/senior-data-scientist-online-marketing-e-commerce-remote-moeglich-m-w-d.979726355.html,jobware,2022-11-16,Data_Scientist
Leiter:in Marketing Analytics & Intelligence / Remote möglich,04.10.2022,E. Breuninger,Dortmund,"Neben der Analyse der Daten treibst Du auch die Weiterentwicklung des Fachs selbst voran. Du forschst, entwirfst neue Algorithmen und erstellst Software die Dritte nutzen, um Anwendungen zu realisieren. Du arbeitest an speziellen digitalen Projekten Du lernst unsere Unternehmensstruktur und verschiedenen Standorte kennen An der Hochschule wirst Du die theoretischen Grundlagen erlernen Fachabteilungen: Groß Berkel und Extertal",https://www.jobware.de/job/leiter-in-marketing-analytics-intelligence-remote-moeglich.979889765.html,jobware,2022-11-16,Data_Scientist
Ausbildung - Bachelor of Engineering Digitale Technologien (w/m/d),08.08.2022,Lenze Operations GmbH,Aerzen,"Aktive Mitarbeit in agil organisierten Projekten zur System- und Datenintegration Zusammenarbeit mit interdisziplinären Teams im Bereich Krebsregisterdaten, um Anforderungen zu ermitteln und Lösungen zu finden Konzeption und Entwicklung von IT-Anwendungen zur Datenintegration, Datenabgleich Algorithmus-basierte KI-Analyseverfahren zur Qualitätssicherung und Best-Of-Datensatz-Generierung Zusammenführung von Krebsregisterdaten, Anomalieerkennung mit validen KI-Verfahren",https://www.jobware.de/job/ausbildung-bachelor-of-engineering-digitale-technologien-w-m-d.930004375.html,jobware,2022-11-16,Data_Scientist
Data Scientist (m/w/d),vor 3 Tagen,Universitätsmedizin der Johannes Gutenberg-Universität Mainz,Mainz,"Gestaltung, Umsetzung und Weiterentwicklung von Data Analytics Use Cases und Lösungen für datenbasierte Versicherungsservices und -produkte Einsatz von aktuellen Machine Learning und Deep-Learning Verfahren in einer professionellen DevOps Umgebung mit Python Interpretation, Visualisierung und Kommunikation von Ergebnissen an Product Owner (w/m/d), Fachexpert:innen mit Geschäftsexpertise und Lösungsarchitekt:innen/ Softwareentwickler:innen innerhalb eines agilen Prozesses Teamwork in einem kreativen, motivierten, interdisziplinären sowie agilen Team aus Data Scientists (w/m/d), Machine Learning Engineers (w/m/d) und Fachexpert:innen Unternehmensweite Zusammenarbeit mit vielen weiteren Abteilungen und in Projekten",https://www.jobware.de/job/data-scientist-m-w-d.1015639155.html,jobware,2022-11-16,Data_Scientist
Data Scientist (w/m/d),vor 5 Tagen,HUK-COBURG Versicherungsgruppe,Coburg,"Entwicklung und Implementierung von Methoden der künstlichen Intelligenz zur Zeitreihenanalyse und Prognose, Weiterentwicklung der Modelle und Tools zur Bewertung und Bepreisung von Energiegeschäften Unterstützungsarbeit - Modellbasierte Unterstützung des Energiehandels bei Handelsentscheidungen, insbesondere hinsichtlich des Portfolios erneuerbarer Energien Zusammenarbeit - Enge Zusammenarbeit mit anderen Bereichen, insbesondere Energiehandel, Vertrieb sowie unserer IT-Anwendungsentwicklung",https://www.jobware.de/job/data-scientist-w-m-d.975053695.html,jobware,2022-11-16,Data_Scientist
Data Scientist (m/w/d),vor 5 Tagen,Trianel GmbH,Aachen,,https://www.jobware.de/job/data-scientist-m-w-d.1002006685.html,jobware,2022-11-16,Data_Scientist
Data Scientist (m/w/d),3 gün önce,Recommendy,Bielefeld,,https://de.linkedin.com/jobs/view/data-scientist-m-w-d-at-recommendy-3358796542?refId=U6qf6ZeFOpHr%2FDCXoMYcLA%3D%3D&trackingId=JS8mw2h7U8gQ%2BToMRNpqyA%3D%3D&position=1&pageNum=0&trk=public_jobs_jserp-result_search-card,linkedin,2022-11-16,Data_Scientist
Data Scientist (m/w/d),4 hafta önce,Recommendy,Bielefeld,,https://de.linkedin.com/jobs/view/data-scientist-m-w-d-at-recommendy-3359101555?refId=U6qf6ZeFOpHr%2FDCXoMYcLA%3D%3D&trackingId=ioCNxqvl2KPvYa%2Fxs5SqHw%3D%3D&position=2&pageNum=0&trk=public_jobs_jserp-result_search-card,linkedin,2022-11-16,Data_Scientist
Data Analyst | Data Scientist (m|w|d),6 gün önce,Talentzeit GmbH,Bielefeld,,https://de.linkedin.com/jobs/view/data-analyst-data-scientist-m-w-d-at-talentzeit-gmbh-3358186125?refId=U6qf6ZeFOpHr%2FDCXoMYcLA%3D%3D&trackingId=HVZzOZ%2BCQ3qLhBTYWzOIYw%3D%3D&position=3&pageNum=0&trk=public_jobs_jserp-result_search-card,linkedin,2022-11-16,Data_Scientist
Data Analyst / Scientist (m/w/d),1 ay önce,Dr. Wolff Group,Bielefeld,,https://de.linkedin.com/jobs/view/data-analyst-scientist-m-w-d-at-dr-wolff-group-3317008874?refId=U6qf6ZeFOpHr%2FDCXoMYcLA%3D%3D&trackingId=XzQom71hH7wNxfV8TiGd0Q%3D%3D&position=4&pageNum=0&trk=public_jobs_jserp-result_search-card,linkedin,2022-11-16,Data_Scientist
Data Scientist (m/w/d),1 hafta önce,FERCHAU,Bielefeld,,https://de.linkedin.com/jobs/view/data-scientist-m-w-d-at-ferchau-2876093235?refId=U6qf6ZeFOpHr%2FDCXoMYcLA%3D%3D&trackingId=de4Rv040w5QgfjXFjXayOw%3D%3D&position=5&pageNum=0&trk=public_jobs_jserp-result_search-card,linkedin,2022-11-16,Data_Scientist
Werkstudent Data Science / Data Engineering (m/w/d),1 ay önce,Knuddels,Bielefeld,,https://de.linkedin.com/jobs/view/werkstudent-data-science-data-engineering-m-w-d-at-knuddels-3331819765?refId=U6qf6ZeFOpHr%2FDCXoMYcLA%3D%3D&trackingId=7ByTx7jEFWNxpvWh9F2g0Q%3D%3D&position=6&pageNum=0&trk=public_jobs_jserp-result_search-card,linkedin,2022-11-16,Data_Scientist
DATA SCIENTIST DIGITAL@HELLA (M/W/D),1 hafta önce,HELLA,Lippstadt,,https://de.linkedin.com/jobs/view/data-sc%C4%B1ent%C4%B1st-d%C4%B1g%C4%B1tal%40hella-m-w-d-at-hella-3342966172?refId=U6qf6ZeFOpHr%2FDCXoMYcLA%3D%3D&trackingId=g8mn7rItVLFWjWryHig7bA%3D%3D&position=7&pageNum=0&trk=public_jobs_jserp-result_search-card,linkedin,2022-11-16,Data_Scientist
Werkstudent Data Science / Data Engineering (m/w/d),3 hafta önce,adesso SE,Bielefeld,,https://de.linkedin.com/jobs/view/machine-learning-engineer-data-scientist-google-cloud-all-genders-at-adesso-se-3210563303?refId=U6qf6ZeFOpHr%2FDCXoMYcLA%3D%3D&trackingId=PD5nzgTKAwUt9mBtbVUSvQ%3D%3D&position=9&pageNum=0&trk=public_jobs_jserp-result_search-card,linkedin,2022-11-16,Data_Scientist
Machine Learning Engineer / Data Scientist - Google Cloud (all genders),1 hafta önce,AllocNow GmbH,Paderborn,,https://de.linkedin.com/jobs/view/software-engineer-python-f-m-d-remote-at-allocnow-gmbh-3324290687?refId=U6qf6ZeFOpHr%2FDCXoMYcLA%3D%3D&trackingId=TrSyD4%2BSdSpeBt8YrNQmvA%3D%3D&position=10&pageNum=0&trk=public_jobs_jserp-result_search-card,linkedin,2022-11-16,Data_Scientist
Software Engineer Python (f/m/d) Remote,3 hafta önce,diginea GmbH,Bielefeld,,https://de.linkedin.com/jobs/view/senior-consultant-data-scientist-w-m-d-at-diginea-gmbh-3344177464?refId=U6qf6ZeFOpHr%2FDCXoMYcLA%3D%3D&trackingId=CvSH0AThcdLFzeKD9bD0fg%3D%3D&position=11&pageNum=0&trk=public_jobs_jserp-result_search-card,linkedin,2022-11-16,Data_Scientist
(Senior) Consultant Data Scientist (w/m/d),1 ay önce,Kugelmeier Personalüberlassung GmbH,Bielefeld,,https://de.linkedin.com/jobs/view/computer-scientist-software-developer-m-f-d-at-kugelmeier-personal%C3%BCberlassung-gmbh-3328786734?refId=U6qf6ZeFOpHr%2FDCXoMYcLA%3D%3D&trackingId=e4boCK9HBMnqVKhxZaeWvA%3D%3D&position=12&pageNum=0&trk=public_jobs_jserp-result_search-card,linkedin,2022-11-16,Data_Scientist
Computer scientist / software developer (m/f/d),1 hafta önce,Vantis,Bielefeld,,https://de.linkedin.com/jobs/view/python-backend-developer-django-postgres-m-w-d-at-vantis-3331819591?refId=U6qf6ZeFOpHr%2FDCXoMYcLA%3D%3D&trackingId=fRJYqJZUZfY88TpCnh7WFA%3D%3D&position=13&pageNum=0&trk=public_jobs_jserp-result_search-card,linkedin,2022-11-16,Data_Scientist
Python Backend Developer - Django / Postgres (m/w/d),5 gün önce,Energieversum GmbH & Co. KG,Bielefeld,,https://de.linkedin.com/jobs/view/junior-software-developer-%E2%80%93-%C4%B1nhouse-w-m-d-at-energieversum-gmbh-co-kg-3341571839?refId=U6qf6ZeFOpHr%2FDCXoMYcLA%3D%3D&trackingId=KqC%2BePi6XMxRXyDm60qtzA%3D%3D&position=14&pageNum=0&trk=public_jobs_jserp-result_search-card,linkedin,2022-11-16,Data_Scientist
(Junior) Software Developer – Inhouse (w/m/d),2 hafta önce,INLOGY,Gütersloh,,https://de.linkedin.com/jobs/view/cloud-developer-m-w-d-at-%C4%B1nlogy-3358291200?refId=U6qf6ZeFOpHr%2FDCXoMYcLA%3D%3D&trackingId=PFTVMyr%2BdRWabGRdfZy3Sw%3D%3D&position=16&pageNum=0&trk=public_jobs_jserp-result_search-card,linkedin,2022-11-16,Data_Scientist
Webentwicklerin - Python / Remote (w/m/d),3 hafta önce,codecentric AG,Bielefeld,,https://de.linkedin.com/jobs/view/masterand-in-deep-learning-computer-vision-w-d-m-at-codecentric-ag-3358742091?refId=U6qf6ZeFOpHr%2FDCXoMYcLA%3D%3D&trackingId=jBRay5BsW6v09qfJOUDKLw%3D%3D&position=17&pageNum=0&trk=public_jobs_jserp-result_search-card,linkedin,2022-11-16,Data_Scientist
Cloud Developer (m/w/d),6 gün önce,BENTELER Group,Paderborn,,https://de.linkedin.com/jobs/view/project-engineer-m-w-d-e-e-at-benteler-group-3361492872?refId=U6qf6ZeFOpHr%2FDCXoMYcLA%3D%3D&trackingId=s%2BU%2Fmkxa4X3abczYbX1GPQ%3D%3D&position=18&pageNum=0&trk=public_jobs_jserp-result_search-card,linkedin,2022-11-16,Data_Scientist
Masterand:in Deep Learning / Computer Vision (w/d/m),1 ay önce,ASSA ABLOY Group,Bielefeld,,https://de.linkedin.com/jobs/view/engineer-research-development-at-assa-abloy-group-3349735226?refId=U6qf6ZeFOpHr%2FDCXoMYcLA%3D%3D&trackingId=KKFENQloyN92olRe6p1TgQ%3D%3D&position=19&pageNum=0&trk=public_jobs_jserp-result_search-card,linkedin,2022-11-16,Data_Scientist
Project Engineer (m/w/d) E/E,2 ay önce,Fachhochschule der Wirtschaft (Fhdw),Paderborn,,https://de.linkedin.com/jobs/view/duales-bachelor-studium-wirtschaftsinformatik-data-science-m-w-d-at-fachhochschule-der-wirtschaft-fhdw-3341281726?refId=U6qf6ZeFOpHr%2FDCXoMYcLA%3D%3D&trackingId=aPWF4mLsBRuSKRYHeKf21g%3D%3D&position=20&pageNum=0&trk=public_jobs_jserp-result_search-card,linkedin,2022-11-16,Data_Scientist
Engineer - Research & Development,3 hafta önce,4ALLPORTAL,Lippstadt,,https://de.linkedin.com/jobs/view/devops-engineer-m-w-d-at-4allportal-3358734770?refId=U6qf6ZeFOpHr%2FDCXoMYcLA%3D%3D&trackingId=JlZf2nrCNsNhXI4bFCPsRA%3D%3D&position=21&pageNum=0&trk=public_jobs_jserp-result_search-card,linkedin,2022-11-16,Data_Scientist
Duales Bachelor-Studium Wirtschaftsinformatik - Data Science (m/w/d),1 hafta önce,Fachhochschule der Wirtschaft (Fhdw),Bielefeld,,https://de.linkedin.com/jobs/view/duales-bachelor-studium-wirtschaftsinformatik-data-science-m-w-d-at-fachhochschule-der-wirtschaft-fhdw-3304707054?refId=U6qf6ZeFOpHr%2FDCXoMYcLA%3D%3D&trackingId=c6pxKndXx4hqHr4bJZVQ0A%3D%3D&position=22&pageNum=0&trk=public_jobs_jserp-result_search-card,linkedin,2022-11-16,Data_Scientist
DevOps Engineer (m/w/d),3 hafta önce,COMPRION,Gütersloh,,https://de.linkedin.com/jobs/view/junior-software-developer-m-f-d-contactless-communication-at-compr%C4%B1on-3328785895?refId=U6qf6ZeFOpHr%2FDCXoMYcLA%3D%3D&trackingId=KxTkJ55xis7%2BubEsLZf25A%3D%3D&position=23&pageNum=0&trk=public_jobs_jserp-result_search-card,linkedin,2022-11-16,Data_Scientist
Duales Bachelor-Studium Wirtschaftsinformatik - Data Science (m/w/d),1 hafta önce,Bertrandt Group,Paderborn,,https://de.linkedin.com/jobs/view/software-developer-m-w-d-at-bertrandt-group-3319617902?refId=U6qf6ZeFOpHr%2FDCXoMYcLA%3D%3D&trackingId=dX6QDOaQayUcdIXSv%2FSQpA%3D%3D&position=25&pageNum=0&trk=public_jobs_jserp-result_search-card,linkedin,2022-11-16,Data_Scientist
Junior Software Developer (m/f/d) Contactless Communication,1 gün önce,Ecclesia Gruppe,Paderborn,,https://de.linkedin.com/jobs/view/software-developer-m-w-d-at-ecclesia-gruppe-3351833036?refId=bcl6OjjMoeDUhFg3%2BmfvbQ%3D%3D&trackingId=nJbT3bplGoPfhUInbkwSeg%3D%3D&position=1&pageNum=1&trk=public_jobs_jserp-result_search-card,linkedin,2022-11-16,Data_Scientist
Softwareentwickler - Robotik (m/w/d),1 ay önce,Mate,Rietberg,,https://de.linkedin.com/jobs/view/software-engineer-typescript-all-genders-welcome-at-mate-3358289569?refId=bcl6OjjMoeDUhFg3%2BmfvbQ%3D%3D&trackingId=qp7UK0lLdCSM4ugnqu4DqA%3D%3D&position=2&pageNum=1&trk=public_jobs_jserp-result_search-card,linkedin,2022-11-16,Data_Scientist
Software Developer (m/w/d),1 ay önce,FASTEC GmbH,Lippstadt,,https://de.linkedin.com/jobs/view/software-developer-m-f-d-at-fastec-gmbh-3303504424?refId=bcl6OjjMoeDUhFg3%2BmfvbQ%3D%3D&trackingId=ssHvjhwgB1hmXsyBzFfULw%3D%3D&position=3&pageNum=1&trk=public_jobs_jserp-result_search-card,linkedin,2022-11-16,Data_Scientist
Software Developer (m/w/d),4 gün önce,SRT Echterhoff GmbH,Detmold,,https://de.linkedin.com/jobs/view/software-developer-m-f-d-at-srt-echterhoff-gmbh-3333299923?refId=bcl6OjjMoeDUhFg3%2BmfvbQ%3D%3D&trackingId=79q6Xl%2BYmqHaZYUaZijnQw%3D%3D&position=4&pageNum=1&trk=public_jobs_jserp-result_search-card,linkedin,2022-11-16,Data_Scientist
"Software Engineer, TypeScript (all genders welcome)",2 gün önce,Crafts Unfolded,Bielefeld,,https://de.linkedin.com/jobs/view/junior-full-stack-entwickler-in-m-w-d-remote-in-dtl-m%C3%B6glich-at-crafts-unfolded-3355295966?refId=bcl6OjjMoeDUhFg3%2BmfvbQ%3D%3D&trackingId=UZ59USGu9JjM%2BqBExqm42Q%3D%3D&position=5&pageNum=1&trk=public_jobs_jserp-result_search-card,linkedin,2022-11-16,Data_Scientist
Software Developer (m/f/d),1 hafta önce,HELLA,Paderborn,,https://de.linkedin.com/jobs/view/system-eng%C4%B1neer-m-w-d-automated-dr%C4%B1v%C4%B1ng-at-hella-3325770893?refId=bcl6OjjMoeDUhFg3%2BmfvbQ%3D%3D&trackingId=qfkE4wwzL0rKyZSGXj9xgQ%3D%3D&position=6&pageNum=1&trk=public_jobs_jserp-result_search-card,linkedin,2022-11-16,Data_Scientist
Software Developer (m/f/d),6 gün önce,Computer Futures,Hövelhof,,https://de.linkedin.com/jobs/view/embedded-software-engineer-m-w-d-at-computer-futures-3258201728?refId=bcl6OjjMoeDUhFg3%2BmfvbQ%3D%3D&trackingId=VY0aTr9WAhrpLHohuTXjig%3D%3D&position=7&pageNum=1&trk=public_jobs_jserp-result_search-card,linkedin,2022-11-16,Data_Scientist
Junior Full-Stack Entwickler:in (m/w/d) - remote in Dtl. möglich,3 hafta önce,OPTANO GmbH,Bielefeld,,https://de.linkedin.com/jobs/view/analytics-software-engineer-consultant-m-w-d-at-optano-gmbh-3354777933?refId=bcl6OjjMoeDUhFg3%2BmfvbQ%3D%3D&trackingId=7HeQUFKq2%2BOxVJbLpk4R0A%3D%3D&position=8&pageNum=1&trk=public_jobs_jserp-result_search-card,linkedin,2022-11-16,Data_Scientist
SYSTEM ENGINEER (M/W/D) AUTOMATED DRIVING,5 gün önce,AdaNetCon GmbH,Lippstadt,,https://de.linkedin.com/jobs/view/back-end-entwickler-at-adanetcon-gmbh-3329529934?refId=bcl6OjjMoeDUhFg3%2BmfvbQ%3D%3D&trackingId=oIkgYIo%2FfGZf%2BqVocOBZSA%3D%3D&position=9&pageNum=1&trk=public_jobs_jserp-result_search-card,linkedin,2022-11-16,Data_Scientist
Embedded Software Engineer (m/w/d),6 gün önce,Intercon Solutions GmbH,Lippstadt,,https://de.linkedin.com/jobs/view/junior-softwareentwickler-w-m-d-komm-zu-uns%21-at-%C4%B1ntercon-solutions-gmbh-3351194790?refId=bcl6OjjMoeDUhFg3%2BmfvbQ%3D%3D&trackingId=y8qXLqiB5D4gryPOU5VvMA%3D%3D&position=10&pageNum=1&trk=public_jobs_jserp-result_search-card,linkedin,2022-11-16,Data_Scientist
Analytics Software Engineer / Consultant m/w/d,1 hafta önce,Valuedesk,Paderborn,,https://de.linkedin.com/jobs/view/software-developer-w-m-d-at-valuedesk-3354820232?refId=bcl6OjjMoeDUhFg3%2BmfvbQ%3D%3D&trackingId=Yd%2F%2BXsc4oUcTbDQ2%2BAVmZA%3D%3D&position=11&pageNum=1&trk=public_jobs_jserp-result_search-card,linkedin,2022-11-16,Data_Scientist
Back-End-Entwickler,2 hafta önce,Intercon Solutions GmbH,Bielefeld,,https://de.linkedin.com/jobs/view/we-want-you%21-du-wirst-gesucht-als-cooler-junior-programmierer-m-w-d-bielefeld-at-%C4%B1ntercon-solutions-gmbh-3348222281?refId=bcl6OjjMoeDUhFg3%2BmfvbQ%3D%3D&trackingId=ngp5Upj%2FAzbfmItShJA7Zg%3D%3D&position=12&pageNum=1&trk=public_jobs_jserp-result_search-card,linkedin,2022-11-16,Data_Scientist
Junior Softwareentwickler (w/m/d) - Komm zu uns!,1 hafta önce,Dürkopp Adler,Bielefeld,,https://de.linkedin.com/jobs/view/senior-lead-developer-at-d%C3%BCrkopp-adler-3332504828?refId=bcl6OjjMoeDUhFg3%2BmfvbQ%3D%3D&trackingId=2URaZiXx0DaeDzWi1Y2rhw%3D%3D&position=13&pageNum=1&trk=public_jobs_jserp-result_search-card,linkedin,2022-11-16,Data_Scientist
Software Developer (W/M/D),2 gün önce,univativ GmbH,Bielefeld,,https://de.linkedin.com/jobs/view/junior-full-stack-entwickler-m-w-d-cloud-at-univativ-gmbh-3337758774?refId=bcl6OjjMoeDUhFg3%2BmfvbQ%3D%3D&trackingId=DLuum8jcC9RJRUIeyAi77A%3D%3D&position=14&pageNum=1&trk=public_jobs_jserp-result_search-card,linkedin,2022-11-16,Data_Scientist
WE WANT YOU! Du wirst gesucht als cooler Junior Programmierer (m/w/d) - Bielefeld,1 hafta önce,Intercon Solutions GmbH,Bielefeld,,https://de.linkedin.com/jobs/view/freundlicher-junior-entwickler-m-w-d-in-bielefeld-gesucht-at-%C4%B1ntercon-solutions-gmbh-3356812711?refId=bcl6OjjMoeDUhFg3%2BmfvbQ%3D%3D&trackingId=TF0I9RrGNEQp6SzBEWiyPQ%3D%3D&position=15&pageNum=1&trk=public_jobs_jserp-result_search-card,linkedin,2022-11-16,Data_Scientist
Senior Lead Developer,1 hafta önce,Intercon Solutions GmbH,Bielefeld,,https://de.linkedin.com/jobs/view/bere%C4%B1t-f%C3%BCr-e%C4%B1nen-neustart%3F-%E2%80%93-softwareentwickler-m-w-d-gesucht%21-at-%C4%B1ntercon-solutions-gmbh-3358573811?refId=bcl6OjjMoeDUhFg3%2BmfvbQ%3D%3D&trackingId=9QfcVqHfKOkd1%2B3sqpcnBw%3D%3D&position=16&pageNum=1&trk=public_jobs_jserp-result_search-card,linkedin,2022-11-16,Data_Scientist
(Junior) Full Stack Entwickler (m/w/d) Cloud,1 hafta önce,DeepL,Gütersloh,,https://de.linkedin.com/jobs/view/fullstack-software-developer-f-m-d-at-deepl-3350142838?refId=bcl6OjjMoeDUhFg3%2BmfvbQ%3D%3D&trackingId=3ZNsVxuDHW6%2BwEryBMaTCQ%3D%3D&position=17&pageNum=1&trk=public_jobs_jserp-result_search-card,linkedin,2022-11-16,Data_Scientist
Freundlicher Junior Entwickler (m/w/d) in Bielefeld gesucht,3 hafta önce,Computer Futures,Bielefeld,,https://de.linkedin.com/jobs/view/softwareentwickler-automatisierungstechnik-m-w-d-at-computer-futures-3258205308?refId=bcl6OjjMoeDUhFg3%2BmfvbQ%3D%3D&trackingId=TFsOMxQkFJB3Gleueif7aA%3D%3D&position=18&pageNum=1&trk=public_jobs_jserp-result_search-card,linkedin,2022-11-16,Data_Scientist
BEREIT FÜR EINEN NEUSTART? – Softwareentwickler (m/w/d) gesucht!,2 hafta önce,TimePartner Personalmanagement GmbH,Bielefeld,,https://de.linkedin.com/jobs/view/software-developer-m-f-d-at-timepartner-personalmanagement-gmbh-3350163441?refId=bcl6OjjMoeDUhFg3%2BmfvbQ%3D%3D&trackingId=6os4VFu5YHukFsC8FF22nw%3D%3D&position=19&pageNum=1&trk=public_jobs_jserp-result_search-card,linkedin,2022-11-16,Data_Scientist
Fullstack Software Developer (f/m/d),1 hafta önce,Betriebsmittelhelden,Kreis Paderborn,,https://de.linkedin.com/jobs/view/werkstudent-im-bereich-entwicklung-m-w-d-at-betriebsmittelhelden-3358795776?refId=bcl6OjjMoeDUhFg3%2BmfvbQ%3D%3D&trackingId=MICTd%2BFUQ6CIc1uYnLc7hQ%3D%3D&position=20&pageNum=1&trk=public_jobs_jserp-result_search-card,linkedin,2022-11-16,Data_Scientist
Softwareentwickler Automatisierungstechnik (m/w/d),1 hafta önce,Optimate GmbH,Bielefeld,,https://de.linkedin.com/jobs/view/full-stack-softwareentwickler-im-start-up-%E2%80%93-remote-m-w-d-at-optimate-gmbh-3325448613?refId=bcl6OjjMoeDUhFg3%2BmfvbQ%3D%3D&trackingId=OXeYlG35N49RvIr%2B9kU%2F%2BA%3D%3D&position=21&pageNum=1&trk=public_jobs_jserp-result_search-card,linkedin,2022-11-16,Data_Scientist
Software Developer (m/f/d),1 hafta önce,AÜG Personallösungen GmbH,Salzkotten,,https://de.linkedin.com/jobs/view/software-developer-m-f-d-at-a%C3%BCg-personall%C3%B6sungen-gmbh-3341392587?refId=bcl6OjjMoeDUhFg3%2BmfvbQ%3D%3D&trackingId=pI1gKIsy5stg4y%2FUuXCQ6w%3D%3D&position=22&pageNum=1&trk=public_jobs_jserp-result_search-card,linkedin,2022-11-16,Data_Scientist
Werkstudent im Bereich Entwicklung (m/w/d),3 hafta önce,DeepL,Bielefeld,,https://de.linkedin.com/jobs/view/fullstack-software-developer-f-m-d-research-tooling-at-deepl-3350147330?refId=bcl6OjjMoeDUhFg3%2BmfvbQ%3D%3D&trackingId=MylyWT%2FLBNqnol7ols3UVA%3D%3D&position=23&pageNum=1&trk=public_jobs_jserp-result_search-card,linkedin,2022-11-16,Data_Scientist
Full-Stack Softwareentwickler im Start-up – Remote (m/w/d),2 hafta önce,CGI,Bielefeld,,https://de.linkedin.com/jobs/view/junior-backend-entwickler-m-w-d-at-cg%C4%B1-3195598035?refId=bcl6OjjMoeDUhFg3%2BmfvbQ%3D%3D&trackingId=OKigHq9LIXaTv3lu3aQdDA%3D%3D&position=24&pageNum=1&trk=public_jobs_jserp-result_search-card,linkedin,2022-11-16,Data_Scientist
Software Developer m/f/d,1 hafta önce,enra GmbH,Detmold,,https://de.linkedin.com/jobs/view/fullstack-developer-m-w-d-at-enra-gmbh-3347804390?refId=bcl6OjjMoeDUhFg3%2BmfvbQ%3D%3D&trackingId=e%2BDCVsU9TYNTgCTyQgW2wQ%3D%3D&position=25&pageNum=1&trk=public_jobs_jserp-result_search-card,linkedin,2022-11-16,Data_Scientist
Fullstack Software Developer (f/m/d) - Research Tooling,5 gün önce,"Bertrandt AG, Sucursal en España",Kreis Paderborn,,https://de.linkedin.com/jobs/view/software-developer-m-w-d-at-bertrandt-ag-sucursal-en-espa%C3%B1a-3354916759?refId=WQwXk2cXOMk6VvPcsOAhxA%3D%3D&trackingId=PFfsUuNbpEy7NE%2BLKypZXQ%3D%3D&position=1&pageNum=2&trk=public_jobs_jserp-result_search-card,linkedin,2022-11-16,Data_Scientist
Junior Backend-Entwickler (m/w/d),1 ay önce,Trimble Inc.,Bielefeld,,https://de.linkedin.com/jobs/view/engineer-student-at-trimble-%C4%B1nc-3311616566?refId=WQwXk2cXOMk6VvPcsOAhxA%3D%3D&trackingId=00KU1nFYrIHBbWu6CnLa9g%3D%3D&position=2&pageNum=2&trk=public_jobs_jserp-result_search-card,linkedin,2022-11-16,Data_Scientist
Fullstack Developer (m/w/d),1 ay önce,P.S. Cooperation GmbH,Paderborn,,https://de.linkedin.com/jobs/view/fullstack-developer-at-p-s-cooperation-gmbh-3348513645?refId=WQwXk2cXOMk6VvPcsOAhxA%3D%3D&trackingId=PBuG7qsM52ol9vRMPmQaqw%3D%3D&position=3&pageNum=2&trk=public_jobs_jserp-result_search-card,linkedin,2022-11-16,Data_Scientist
Software Developer (m/w/d),2 ay önce,Brunel,Lippstadt,,https://de.linkedin.com/jobs/view/junior-software-entwickler-c%2B%2B-at-brunel-3355007172?refId=WQwXk2cXOMk6VvPcsOAhxA%3D%3D&trackingId=%2FLGd75GSAeW5UoEuKd27Wg%3D%3D&position=4&pageNum=2&trk=public_jobs_jserp-result_search-card,linkedin,2022-11-16,Data_Scientist
Engineer student,2 gün önce,HELLA,Salzkotten,,https://de.linkedin.com/jobs/view/jun%C4%B1or-software-eng%C4%B1neer-m-w-d-e-mob%C4%B1l%C4%B1ty-battery-management-systems-at-hella-3323451721?refId=WQwXk2cXOMk6VvPcsOAhxA%3D%3D&trackingId=oQbCBq5R9Nt%2Bk0APJPxBKQ%3D%3D&position=5&pageNum=2&trk=public_jobs_jserp-result_search-card,linkedin,2022-11-16,Data_Scientist
Fullstack Developer,5 gün önce,MARKT-PILOT,Bielefeld,,https://de.linkedin.com/jobs/view/werkstudent-software-development-remote-m-w-d-at-markt-p%C4%B1lot-3354831299?refId=WQwXk2cXOMk6VvPcsOAhxA%3D%3D&trackingId=bfWqfL1fvrgzt0pi1eRF%2BQ%3D%3D&position=6&pageNum=2&trk=public_jobs_jserp-result_search-card,linkedin,2022-11-16,Data_Scientist
Junior Software Entwickler C++,1 hafta önce,CLAAS,Bielefeld,,https://de.linkedin.com/jobs/view/praktikum-abschlussarbeit-machine-deep-learning-agricultural-machines-at-claas-3278795269?refId=WQwXk2cXOMk6VvPcsOAhxA%3D%3D&trackingId=CraaKKGZL%2FIyWOyIWk3fJA%3D%3D&position=7&pageNum=2&trk=public_jobs_jserp-result_search-card,linkedin,2022-11-16,Data_Scientist
JUNIOR SOFTWARE ENGINEER (M/W/D) E-MOBILITY - BATTERY MANAGEMENT SYSTEMS,1 hafta önce,KATMA CleanControl,Lippstadt,,https://de.linkedin.com/jobs/view/frontend-developer-m-w-d-im-jungen-unternehmen-at-katma-cleancontrol-3356852670?refId=WQwXk2cXOMk6VvPcsOAhxA%3D%3D&trackingId=D%2BCtr7rSUvdGtBT9P9yHLQ%3D%3D&position=8&pageNum=2&trk=public_jobs_jserp-result_search-card,linkedin,2022-11-16,Data_Scientist
Werkstudent Software Development Remote (m/w/d),1 ay önce,Intercon Solutions GmbH,Bielefeld,,https://de.linkedin.com/jobs/view/du-wirst-gesucht%21-junior-anwendungsentwickler-m-w-d-%E2%80%93-dein-zuk%C3%BCnftiger-arbeitgeber-freut-sich-auf-dich%21-%E2%80%93-bielefeld-at-%C4%B1ntercon-solutions-gmbh-3351702893?refId=WQwXk2cXOMk6VvPcsOAhxA%3D%3D&trackingId=W0bqe1swtRtqyNmWPqNXKA%3D%3D&position=9&pageNum=2&trk=public_jobs_jserp-result_search-card,linkedin,2022-11-16,Data_Scientist
Praktikum / Abschlussarbeit Machine- & Deep-Learning Agricultural Machines,1 hafta önce,agentbase AG,"Dissen am Teutoburger Wald, Aşağı Saksonya, Almanya",,https://de.linkedin.com/jobs/view/webentwickler-m-w-d-schwerpunkt-low-code-development-at-agentbase-ag-3346439695?refId=WQwXk2cXOMk6VvPcsOAhxA%3D%3D&trackingId=9ot7LvLJ8kPD7V50xyGvrA%3D%3D&position=11&pageNum=2&trk=public_jobs_jserp-result_search-card,linkedin,2022-11-16,Data_Scientist
Frontend Developer (m/w/d) im jungen Unternehmen,3 hafta önce,raidboxes®,Rietberg,,https://de.linkedin.com/jobs/view/web-developer-im-start-up-remote-m-w-d-at-raidboxes%C2%AE-3354833091?refId=WQwXk2cXOMk6VvPcsOAhxA%3D%3D&trackingId=6d7iwk49uJUkEz5DviDj1A%3D%3D&position=12&pageNum=2&trk=public_jobs_jserp-result_search-card,linkedin,2022-11-16,Data_Scientist
DU wirst gesucht! Junior Anwendungsentwickler (m/w/d) – Dein zukünftiger Arbeitgeber freut sich auf Dich! – Bielefeld,1 ay önce,CGI,Bielefeld,,https://de.linkedin.com/jobs/view/software-developer-m-w-d-at-cg%C4%B1-3195593490?refId=WQwXk2cXOMk6VvPcsOAhxA%3D%3D&trackingId=EgGnT7yLGFGTDzZDuU6j2Q%3D%3D&position=13&pageNum=2&trk=public_jobs_jserp-result_search-card,linkedin,2022-11-16,Data_Scientist
Software Entwickler für C++ Programmierung & Robotik (m/w/d),1 ay önce,Optimate GmbH,Schloß Holte-Stukenbrock,,https://de.linkedin.com/jobs/view/full-stack-softwareentwickler-%E2%80%93-remote-m-w-d-at-optimate-gmbh-3327743368?refId=WQwXk2cXOMk6VvPcsOAhxA%3D%3D&trackingId=1FmGuyZuuh9m1FeJnYI8MQ%3D%3D&position=14&pageNum=2&trk=public_jobs_jserp-result_search-card,linkedin,2022-11-16,Data_Scientist
Webentwickler (m/w/d) / Schwerpunkt: Low-Code Development,1 hafta önce,Plan.One,Kreis Paderborn,,https://de.linkedin.com/jobs/view/backend-developer-analytics-engineer-im-bereich-digital-analytics-w-m-d-anwendungsentwicklung-%C4%B1ngenieur-at-plan-one-3275603528?refId=WQwXk2cXOMk6VvPcsOAhxA%3D%3D&trackingId=l9D3CmoUKy%2BvLtn32Cl0kQ%3D%3D&position=15&pageNum=2&trk=public_jobs_jserp-result_search-card,linkedin,2022-11-16,Data_Scientist
Web Developer im Start Up remote (m/w/d),1 ay önce,CLAAS,Bielefeld,,https://de.linkedin.com/jobs/view/praktikum-abschlussarbeit-entwicklung-xer%C4%B1on-schwerpunkt-data-science-at-claas-3340530879?refId=WQwXk2cXOMk6VvPcsOAhxA%3D%3D&trackingId=CwuOBvQ9f2GJelECgobg8w%3D%3D&position=16&pageNum=2&trk=public_jobs_jserp-result_search-card,linkedin,2022-11-16,Data_Scientist
Software Developer (m/w/d),2 gün önce,CQSE GmbH,Bielefeld,,https://de.linkedin.com/jobs/view/working-student-m-f-d-at-cqse-gmbh-3348516915?refId=WQwXk2cXOMk6VvPcsOAhxA%3D%3D&trackingId=cefdMcZPCKNObu%2F50t%2BEUw%3D%3D&position=17&pageNum=2&trk=public_jobs_jserp-result_search-card,linkedin,2022-11-16,Data_Scientist
Full-Stack Softwareentwickler – Remote (m/w/d),1 hafta önce,COSMO CONSULT,Bielefeld,,https://de.linkedin.com/jobs/view/software-developer-w-m-d-at-cosmo-consult-3350722824?refId=WQwXk2cXOMk6VvPcsOAhxA%3D%3D&trackingId=d0pMvy7alPrJ1MIdYZ2riQ%3D%3D&position=18&pageNum=2&trk=public_jobs_jserp-result_search-card,linkedin,2022-11-16,Data_Scientist
"Backend Developer / Analytics Engineer im Bereich Digital Analytics (w/m/d) - Anwendungsentwicklung, Ingenieur",2 hafta önce,SRT Echterhoff GmbH,Bielefeld,,https://de.linkedin.com/jobs/view/softwareentwickler-m-w-d-at-srt-echterhoff-gmbh-3356857286?refId=WQwXk2cXOMk6VvPcsOAhxA%3D%3D&trackingId=Ee%2Bgv7jBRHhKEXp36Jnh6g%3D%3D&position=19&pageNum=2&trk=public_jobs_jserp-result_search-card,linkedin,2022-11-16,Data_Scientist
Praktikum / Abschlussarbeit Entwicklung XERION / Schwerpunkt Data Science,5 gün önce,Weber Maschinenbau,Harsewinkel,,https://de.linkedin.com/jobs/view/cloud-developer-m-w-d-at-weber-maschinenbau-3345736586?refId=WQwXk2cXOMk6VvPcsOAhxA%3D%3D&trackingId=MRsiPbSDPdX8IjPh%2FqCN3w%3D%3D&position=20&pageNum=2&trk=public_jobs_jserp-result_search-card,linkedin,2022-11-16,Data_Scientist
Working Student (m/f/d),1 hafta önce,Brunel,Paderborn,,https://de.linkedin.com/jobs/view/software-entwickler-at-brunel-3334750839?refId=WQwXk2cXOMk6VvPcsOAhxA%3D%3D&trackingId=GAwxaVW8fDqWI3wZvHIgJw%3D%3D&position=21&pageNum=2&trk=public_jobs_jserp-result_search-card,linkedin,2022-11-16,Data_Scientist
Software Developer (w|m|d),1 gün önce,Brunel,Bielefeld,,https://de.linkedin.com/jobs/view/junior-full-stack-web-entwickler-at-brunel-3355000874?refId=WQwXk2cXOMk6VvPcsOAhxA%3D%3D&trackingId=SXAy9dI33XcSevA9Lqfe%2FA%3D%3D&position=22&pageNum=2&trk=public_jobs_jserp-result_search-card,linkedin,2022-11-16,Data_Scientist
Softwareentwickler (m/w/d),1 ay önce,DeepL,Hövelhof,,https://de.linkedin.com/jobs/view/fullstack-software-developer-f-m-d-project-management-tooling-at-deepl-3350145465?refId=WQwXk2cXOMk6VvPcsOAhxA%3D%3D&trackingId=cwVe%2F%2BcmyewMCTQuorUdYw%3D%3D&position=23&pageNum=2&trk=public_jobs_jserp-result_search-card,linkedin,2022-11-16,Data_Scientist
Cloud Developer (m/w/d),1 ay önce,adesso SE,Werther,,https://de.linkedin.com/jobs/view/software-engineer-life-sciences-all-genders-at-adesso-se-3324628057?refId=WQwXk2cXOMk6VvPcsOAhxA%3D%3D&trackingId=Wo7BI7kFmF1CEUgu5T2UfQ%3D%3D&position=24&pageNum=2&trk=public_jobs_jserp-result_search-card,linkedin,2022-11-16,Data_Scientist
Software-Entwickler,2 hafta önce,savvytec GmbH & Co. KG,Gütersloh,,https://de.linkedin.com/jobs/view/fullstack-developer-w-m-d-at-savvytec-gmbh-co-kg-3333400150?refId=WQwXk2cXOMk6VvPcsOAhxA%3D%3D&trackingId=33grqIV4dU2HffrQkpl7fg%3D%3D&position=25&pageNum=2&trk=public_jobs_jserp-result_search-card,linkedin,2022-11-16,Data_Scientist
Junior Full-Stack-Web-Entwickler,5 gün önce,FORTIS IT-Services GmbH,Bielefeld,,https://de.linkedin.com/jobs/view/cloud-developer-in-aws-azure-at-fort%C4%B1s-%C4%B1t-services-gmbh-3329944345?refId=tCYNok86mt9mOKfr4CpP%2BA%3D%3D&trackingId=7Cr9NrrVA%2Fgnvh0Q2mrG1w%3D%3D&position=1&pageNum=3&trk=public_jobs_jserp-result_search-card,linkedin,2022-11-16,Data_Scientist
Fullstack Software Developer (f/m/d) - Project Management Tooling,6 gün önce,GBS Europa,Kreis Paderborn,,https://de.linkedin.com/jobs/view/software-developer-%E2%80%93-c%23-asp-net-core-at-gbs-europa-3299437060?refId=tCYNok86mt9mOKfr4CpP%2BA%3D%3D&trackingId=oRW9V8FMpmf%2BKxbLwKD2Rg%3D%3D&position=2&pageNum=3&trk=public_jobs_jserp-result_search-card,linkedin,2022-11-16,Data_Scientist
Software Engineer Life Sciences (all genders),1 hafta önce,MULTIVAC Group,Paderborn,,https://de.linkedin.com/jobs/view/software-developer-m-w-d-at-mult%C4%B1vac-gruppe-3350782067?refId=tCYNok86mt9mOKfr4CpP%2BA%3D%3D&trackingId=gYhx9rDEAUsYOWzj8CdshQ%3D%3D&position=3&pageNum=3&trk=public_jobs_jserp-result_search-card,linkedin,2022-11-16,Data_Scientist
Fullstack-Developer (w/m/d),1 hafta önce,Intercon Solutions GmbH,Paderborn,,https://de.linkedin.com/jobs/view/bei-uns-kannst-du-dich-entwickeln%21-c%23-entwickler-w-m-d-mit-gro%C3%9Fer-motivation-gesucht%21-at-%C4%B1ntercon-solutions-gmbh-3359105521?refId=tCYNok86mt9mOKfr4CpP%2BA%3D%3D&trackingId=1XYGIx6qCQV2%2BddPuhrorQ%3D%3D&position=4&pageNum=3&trk=public_jobs_jserp-result_search-card,linkedin,2022-11-16,Data_Scientist
Cloud Developer*in AWS / Azure,1 hafta önce,Intercon Solutions GmbH,Gütersloh,,https://de.linkedin.com/jobs/view/motivierte-junior-entwickler-aufgepasst-wir-suchen-d%C4%B1ch%21-w-m-d-at-%C4%B1ntercon-solutions-gmbh-3349757752?refId=tCYNok86mt9mOKfr4CpP%2BA%3D%3D&trackingId=HOw2N9ERvok2uwpRPsYaVQ%3D%3D&position=5&pageNum=3&trk=public_jobs_jserp-result_search-card,linkedin,2022-11-16,Data_Scientist
Software Developer – C#/ASP.NET Core,1 ay önce,VanSite,Kreis Paderborn,,https://de.linkedin.com/jobs/view/frontend-backend-or-full-stack-development-at-vansite-3348808905?refId=tCYNok86mt9mOKfr4CpP%2BA%3D%3D&trackingId=g44aMTweaD5DrUNVw%2BVAww%3D%3D&position=6&pageNum=3&trk=public_jobs_jserp-result_search-card,linkedin,2022-11-16,Data_Scientist
Software Developer (m/w/d),5 gün önce,Intercon Solutions GmbH,Enger,,https://de.linkedin.com/jobs/view/cooler-backend-entwickler-w-m-d-in-paderborn%21-at-%C4%B1ntercon-solutions-gmbh-3346052518?refId=tCYNok86mt9mOKfr4CpP%2BA%3D%3D&trackingId=ncwvqXSvUuGiNyGfZbPjqQ%3D%3D&position=7&pageNum=3&trk=public_jobs_jserp-result_search-card,linkedin,2022-11-16,Data_Scientist
Bei uns kannst du dich entwickeln! - C# Entwickler (w/m/d) mit großer Motivation gesucht!,2 hafta önce,DeepL,Bielefeld,,https://de.linkedin.com/jobs/view/frontend-developer-f-m-d-ger-uk-nl-pl-at-deepl-3353027825?refId=tCYNok86mt9mOKfr4CpP%2BA%3D%3D&trackingId=G%2FfbkMLJWQ7az0Vt%2F7tDLg%3D%3D&position=8&pageNum=3&trk=public_jobs_jserp-result_search-card,linkedin,2022-11-16,Data_Scientist
"Motivierte Junior-Entwickler aufgepasst, wir suchen DICH! (w/m/d)",3 hafta önce,alphacaps GmbH,Bielefeld,,https://de.linkedin.com/jobs/view/full-stack-developer-m-w-d-at-alphacaps-gmbh-3338738554?refId=tCYNok86mt9mOKfr4CpP%2BA%3D%3D&trackingId=ZnZZdXUvDedE9QHLDQSRWQ%3D%3D&position=9&pageNum=3&trk=public_jobs_jserp-result_search-card,linkedin,2022-11-16,Data_Scientist
Frontend / Backend or Full Stack Development,6 gün önce,solutiT GmbH,Bielefeld,,https://de.linkedin.com/jobs/view/entwicklungsingenieur-embedded-software-professional-absolvent-m-w-d-at-solutit-gmbh-3352168493?refId=tCYNok86mt9mOKfr4CpP%2BA%3D%3D&trackingId=Nyz7zfDdf6YqgyLXxJ23xQ%3D%3D&position=10&pageNum=3&trk=public_jobs_jserp-result_search-card,linkedin,2022-11-16,Data_Scientist
Cooler Backend-Entwickler (w/m/d) - in Paderborn!,1 hafta önce,codestryke GmbH,Paderborn,,https://de.linkedin.com/jobs/view/backend-developer-with-node-js-remote-m-f-d-at-codestryke-gmbh-3334995005?refId=tCYNok86mt9mOKfr4CpP%2BA%3D%3D&trackingId=bH%2BNutC4EOrBi1HPZcMEaA%3D%3D&position=11&pageNum=3&trk=public_jobs_jserp-result_search-card,linkedin,2022-11-16,Data_Scientist
"Frontend Developer (f/m/d) - GER, UK, NL, PL",2 ay önce,ManpowerGroup Deutschland,Kreis Paderborn,,https://de.linkedin.com/jobs/view/c%23-net-entwickler-m-w-d-at-manpowergroup-deutschland-3362765470?refId=tCYNok86mt9mOKfr4CpP%2BA%3D%3D&trackingId=Ccrt7MlrdHbbR1BTu0mk4Q%3D%3D&position=12&pageNum=3&trk=public_jobs_jserp-result_search-card,linkedin,2022-11-16,Data_Scientist
Full Stack Developer (m/w/d),1 hafta önce,PEAG Personal GmbH,Augustdorf,,https://de.linkedin.com/jobs/view/software-%C4%B1ngenieur-techniker-m-w-d-at-peag-personal-gmbh-3350068446?refId=tCYNok86mt9mOKfr4CpP%2BA%3D%3D&trackingId=JrvMJotdqXXLLSNpkj2POg%3D%3D&position=13&pageNum=3&trk=public_jobs_jserp-result_search-card,linkedin,2022-11-16,Data_Scientist
Entwicklungsingenieur Embedded Software Professional / Absolvent (m/w/d),1 hafta önce,Recommendy,Borchen,,https://de.linkedin.com/jobs/view/full-stack-developer-m-w-d-at-recommendy-3344987188?refId=tCYNok86mt9mOKfr4CpP%2BA%3D%3D&trackingId=Zc52srq%2B7wCcn%2Bu6gvcRyA%3D%3D&position=14&pageNum=3&trk=public_jobs_jserp-result_search-card,linkedin,2022-11-16,Data_Scientist
Backend Developer with Node.js - Remote (m/f/d),1 gün önce,Barkey GmbH & Co. KG,Bielefeld,,https://de.linkedin.com/jobs/view/entwicklungsingenieur-embedded-software-m-w-d-entwicklung-%C4%B1t-at-barkey-gmbh-co-kg-3273662916?refId=tCYNok86mt9mOKfr4CpP%2BA%3D%3D&trackingId=3OqZa%2BX2%2Bf%2FLdNPka80g9Q%3D%3D&position=15&pageNum=3&trk=public_jobs_jserp-result_search-card,linkedin,2022-11-16,Data_Scientist
C#/.NET-Entwickler (m/w/d),2 hafta önce,Intercon Solutions GmbH,Bielefeld,,https://de.linkedin.com/jobs/view/auf-in-eine-tolle-zukunft%21-wir-suchen-dich-als-junior-entwickler-in-in-bielefeld-oder-remote-at-%C4%B1ntercon-solutions-gmbh-3348814011?refId=tCYNok86mt9mOKfr4CpP%2BA%3D%3D&trackingId=0pUCRJtqoKxSvyqt%2B1lqUQ%3D%3D&position=16&pageNum=3&trk=public_jobs_jserp-result_search-card,linkedin,2022-11-16,Data_Scientist
Software-Ingenieur/-Techniker (m/w/d),2 gün önce,Weber Maschinenbau,Beckum,,https://de.linkedin.com/jobs/view/softwareentwickler-m-w-d-remote-at-weber-maschinenbau-3342625930?refId=tCYNok86mt9mOKfr4CpP%2BA%3D%3D&trackingId=KiRcN3fYgSe5GjTedJTnXQ%3D%3D&position=17&pageNum=3&trk=public_jobs_jserp-result_search-card,linkedin,2022-11-16,Data_Scientist
Full Stack Developer (m/w/d),6 gün önce,DEVITY,Bielefeld,,https://de.linkedin.com/jobs/view/softwareentwickler-software-developer-m-w-d-at-dev%C4%B1ty-3361098049?refId=tCYNok86mt9mOKfr4CpP%2BA%3D%3D&trackingId=x21kiTFs%2FuCJPMi5CumTRg%3D%3D&position=18&pageNum=3&trk=public_jobs_jserp-result_search-card,linkedin,2022-11-16,Data_Scientist
"Entwicklungsingenieur Embedded Software (m/w/d) - Entwicklung, IT",1 hafta önce,Intercon Solutions GmbH,Leopoldshöhe,,https://de.linkedin.com/jobs/view/freundlicher-junior-entwickler-m-w-d-in-paderborn-gesucht-at-%C4%B1ntercon-solutions-gmbh-3336111259?refId=tCYNok86mt9mOKfr4CpP%2BA%3D%3D&trackingId=16q8Ft25H6RfkGgiKmRSOQ%3D%3D&position=19&pageNum=3&trk=public_jobs_jserp-result_search-card,linkedin,2022-11-16,Data_Scientist
Auf in eine tolle Zukunft! Wir suchen Dich als Junior Entwickler/in in Bielefeld oder remote,1 hafta önce,WAGO Electronics GmbH,Bielefeld,,https://de.linkedin.com/jobs/view/software-entwickler-embedded-m-w-d-at-wago-electronics-gmbh-3358890336?refId=tCYNok86mt9mOKfr4CpP%2BA%3D%3D&trackingId=WxdCetdWOzs1CCvjpDLX%2Fw%3D%3D&position=20&pageNum=3&trk=public_jobs_jserp-result_search-card,linkedin,2022-11-16,Data_Scientist
Softwareentwickler (m/w/d) - Remote,1 hafta önce,Intercon Solutions GmbH,Werther,,https://de.linkedin.com/jobs/view/hier-wirst-du-gesch%C3%A4tzt%21-dein-neuer-arbeitgeber-sucht-d%C4%B1ch%21-junior-entwickler-m-w-d-gesucht-%E2%80%93-bielefeld-at-%C4%B1ntercon-solutions-gmbh-3349858127?refId=tCYNok86mt9mOKfr4CpP%2BA%3D%3D&trackingId=t3SdfeZvOsGazf3NC0HRtw%3D%3D&position=21&pageNum=3&trk=public_jobs_jserp-result_search-card,linkedin,2022-11-16,Data_Scientist
Softwareentwickler / Software Developer (m/w/d),3 gün önce,Intercon Solutions GmbH,Paderborn,,https://de.linkedin.com/jobs/view/junior-entwickler-der-durchstarten-m%C3%B6chte-m-w-d-in-paderborn-gesucht-at-%C4%B1ntercon-solutions-gmbh-3347865873?refId=tCYNok86mt9mOKfr4CpP%2BA%3D%3D&trackingId=C3IfFkZ1pzM5NfN5lsClkw%3D%3D&position=22&pageNum=3&trk=public_jobs_jserp-result_search-card,linkedin,2022-11-16,Data_Scientist
Freundlicher Junior Entwickler (m/w/d) in Paderborn gesucht,1 hafta önce,Intercon Solutions GmbH,Paderborn,,https://de.linkedin.com/jobs/view/cooler-backend-entwickler-w-m-d-in-bielefeld%21-at-%C4%B1ntercon-solutions-gmbh-3342706412?refId=tCYNok86mt9mOKfr4CpP%2BA%3D%3D&trackingId=LYS6jRkfnwxcUwjR7tEDjw%3D%3D&position=23&pageNum=3&trk=public_jobs_jserp-result_search-card,linkedin,2022-11-16,Data_Scientist
Software-Entwickler Embedded (m/w/d),1 hafta önce,GEA Group,Erwitte,,https://de.linkedin.com/jobs/view/softwareentwickler-w-m-d-automatisierungstechnik-at-gea-group-3342933551?refId=tCYNok86mt9mOKfr4CpP%2BA%3D%3D&trackingId=M7qTdsq3MqdaD6MnSdnmDw%3D%3D&position=24&pageNum=3&trk=public_jobs_jserp-result_search-card,linkedin,2022-11-16,Data_Scientist
Hier wirst Du geschätzt! Dein neuer Arbeitgeber sucht DICH! Junior Entwickler (m/w/d) gesucht – Bielefeld,6 gün önce,Office People Personalmanagement GmbH,Bielefeld,,https://de.linkedin.com/jobs/view/softwareentwickler-m-w-d-at-office-people-personalmanagement-gmbh-3351447080?refId=tCYNok86mt9mOKfr4CpP%2BA%3D%3D&trackingId=CyT4zBmvy9ElQo5xp85Zvg%3D%3D&position=25&pageNum=3&trk=public_jobs_jserp-result_search-card,linkedin,2022-11-16,Data_Scientist
Junior Entwickler der durchstarten möchte (m/w/d) in Paderborn gesucht,4 hafta önce,deecoob GmbH,Paderborn,,https://de.linkedin.com/jobs/view/software-engineer-f%C3%BCr-unser-backend-team-m-w-d-at-deecoob-gmbh-3353266228?refId=EhGEWB2IvebdwKLoRsrgiA%3D%3D&trackingId=5Mm6tMsKlzE1wdHOarw%2BSQ%3D%3D&position=1&pageNum=4&trk=public_jobs_jserp-result_search-card,linkedin,2022-11-16,Data_Scientist
Cooler Backend-Entwickler (w/m/d) - in Bielefeld!,1 ay önce,Computer Futures,Bielefeld,,https://de.linkedin.com/jobs/view/embedded-software-entwickler-digital-control-m-w-d-at-computer-futures-3258201939?refId=EhGEWB2IvebdwKLoRsrgiA%3D%3D&trackingId=WeJcrkUrUndrile5txKHgw%3D%3D&position=2&pageNum=4&trk=public_jobs_jserp-result_search-card,linkedin,2022-11-16,Data_Scientist
Softwareentwickler (w/m/d) Automatisierungstechnik,1 hafta önce,Valuedesk,Oelde,,https://de.linkedin.com/jobs/view/softwareentwickler-w-m-d-at-valuedesk-3354817623?refId=EhGEWB2IvebdwKLoRsrgiA%3D%3D&trackingId=WgkY0B2YLjXMTuJFt0dlrw%3D%3D&position=3&pageNum=4&trk=public_jobs_jserp-result_search-card,linkedin,2022-11-16,Data_Scientist
Softwareentwickler (m/w/d),1 gün önce,Intercon Solutions GmbH,Verl,,https://de.linkedin.com/jobs/view/app-entwickler-w-m-d-bielefeld-at-%C4%B1ntercon-solutions-gmbh-3358737810?refId=EhGEWB2IvebdwKLoRsrgiA%3D%3D&trackingId=lSlqJ2NFbf68GSE8mUNiTw%3D%3D&position=4&pageNum=4&trk=public_jobs_jserp-result_search-card,linkedin,2022-11-16,Data_Scientist
Software Engineer für unser Backend Team (m/w/d),6 gün önce,BEUMER Group,Bielefeld,,https://de.linkedin.com/jobs/view/software-developer-m-w-d-at-beumer-group-3320466652?refId=EhGEWB2IvebdwKLoRsrgiA%3D%3D&trackingId=SHxuvpKLL4qJ2QF34H6s0g%3D%3D&position=5&pageNum=4&trk=public_jobs_jserp-result_search-card,linkedin,2022-11-16,Data_Scientist
Embedded Software Entwickler - Digital Control (m/w/d),1 hafta önce,FORTIS IT-Services GmbH,Lippstadt,,https://de.linkedin.com/jobs/view/cloud-developer-in-aws-azure-at-fort%C4%B1s-%C4%B1t-services-gmbh-3329970796?refId=EhGEWB2IvebdwKLoRsrgiA%3D%3D&trackingId=trYHWA2nMiNYbKupkIMjQA%3D%3D&position=6&pageNum=4&trk=public_jobs_jserp-result_search-card,linkedin,2022-11-16,Data_Scientist
Softwareentwickler (W/M/D),6 gün önce,Intercon Solutions GmbH,Bielefeld,,https://de.linkedin.com/jobs/view/energiegeladener-junior-java-oder-c%23-entwickler-m-w-d-mit-power-gesucht%21-at-%C4%B1ntercon-solutions-gmbh-3342100020?refId=EhGEWB2IvebdwKLoRsrgiA%3D%3D&trackingId=X8j2WNGwr4uBnxa7SDTdkQ%3D%3D&position=7&pageNum=4&trk=public_jobs_jserp-result_search-card,linkedin,2022-11-16,Data_Scientist
App-Entwickler (w/m(d) - Bielefeld,4 gün önce,Isabellenhütte Heusler GmbH & Co. KG,Bielefeld,,https://de.linkedin.com/jobs/view/werkstudent-m-w-d-im-bereich-analytics-engineering-at-%C4%B1sabellenh%C3%BCtte-heusler-gmbh-co-kg-3358514274?refId=EhGEWB2IvebdwKLoRsrgiA%3D%3D&trackingId=iZ0FMu8hdNrHbkeETiqlFw%3D%3D&position=8&pageNum=4&trk=public_jobs_jserp-result_search-card,linkedin,2022-11-16,Data_Scientist
Software Developer (m/w/d),5 gün önce,BST GmbH,Beckum,,https://de.linkedin.com/jobs/view/test-engineer-software-m-w-d-at-bst-gmbh-3350716767?refId=EhGEWB2IvebdwKLoRsrgiA%3D%3D&trackingId=thEFiqVweuf9WOaAzwP2NA%3D%3D&position=9&pageNum=4&trk=public_jobs_jserp-result_search-card,linkedin,2022-11-16,Data_Scientist
Cloud Developer*in AWS / Azure,1 hafta önce,Intercon Solutions GmbH,Paderborn,,https://de.linkedin.com/jobs/view/erfinderischer-junior-entwickler-java-o-c%23-m-w-d-gesucht%21-at-%C4%B1ntercon-solutions-gmbh-3358573760?refId=EhGEWB2IvebdwKLoRsrgiA%3D%3D&trackingId=zfVjGbsbHH1PXT55f8OUNg%3D%3D&position=10&pageNum=4&trk=public_jobs_jserp-result_search-card,linkedin,2022-11-16,Data_Scientist
Energiegeladener Junior Java oder C# Entwickler (m/w/d) mit Power gesucht!,2 ay önce,TimePartner Personalmanagement GmbH,Bielefeld,,https://de.linkedin.com/jobs/view/softwareentwickler-m-w-d-at-timepartner-personalmanagement-gmbh-3350159910?refId=EhGEWB2IvebdwKLoRsrgiA%3D%3D&trackingId=7lTqSr37tmBk%2BvOqh8W3Bg%3D%3D&position=11&pageNum=4&trk=public_jobs_jserp-result_search-card,linkedin,2022-11-16,Data_Scientist
Werkstudent (m_w_d) im Bereich Analytics Engineering,1 ay önce,Remmert GmbH,Oelde,,https://de.linkedin.com/jobs/view/softwareentwickler-software-entwickler-gn-im-modernen-mittelstand%21-at-remmert-gmbh-3358576089?refId=EhGEWB2IvebdwKLoRsrgiA%3D%3D&trackingId=QMIlUyCkehxZw%2Bz%2FhCGYEg%3D%3D&position=12&pageNum=4&trk=public_jobs_jserp-result_search-card,linkedin,2022-11-16,Data_Scientist
Test Engineer Software (m/w/d),6 gün önce,agentbase AG,Bielefeld,,https://de.linkedin.com/jobs/view/software-anwendungsentwickler-m-w-d-at-agentbase-ag-3350335042?refId=EhGEWB2IvebdwKLoRsrgiA%3D%3D&trackingId=bp90VA9NBr5pORc4wcu0NA%3D%3D&position=13&pageNum=4&trk=public_jobs_jserp-result_search-card,linkedin,2022-11-16,Data_Scientist
Erfinderischer Junior Entwickler Java o. C# (m/w/d) gesucht!,1 ay önce,BST GmbH,Paderborn,,https://de.linkedin.com/jobs/view/softwareentwickler-m-w-d-at-bst-gmbh-3356042678?refId=EhGEWB2IvebdwKLoRsrgiA%3D%3D&trackingId=TZHwt0r%2F4EHSO1QcD4ShXg%3D%3D&position=14&pageNum=4&trk=public_jobs_jserp-result_search-card,linkedin,2022-11-16,Data_Scientist
Softwareentwickler (m/w/d),1 hafta önce,Brunel,Salzkotten,,https://de.linkedin.com/jobs/view/full-stack-entwickler-at-brunel-3356259891?refId=EhGEWB2IvebdwKLoRsrgiA%3D%3D&trackingId=fUURW0iwXtYvPeO4Db6MLQ%3D%3D&position=15&pageNum=4&trk=public_jobs_jserp-result_search-card,linkedin,2022-11-16,Data_Scientist
Softwareentwickler / Software Entwickler (gn) im modernen Mittelstand!,6 gün önce,Intercon Solutions GmbH,Bielefeld,,https://de.linkedin.com/jobs/view/feuriger-junior-entwickler-m-w-d-in-paderborn-gesucht-at-%C4%B1ntercon-solutions-gmbh-3346763286?refId=EhGEWB2IvebdwKLoRsrgiA%3D%3D&trackingId=fhS%2BbqtCcB%2F9QFqOuiLBpQ%3D%3D&position=16&pageNum=4&trk=public_jobs_jserp-result_search-card,linkedin,2022-11-16,Data_Scientist
Software- / Anwendungsentwickler (m/w/d),3 gün önce,Intercon Solutions GmbH,Kreis Paderborn,,https://de.linkedin.com/jobs/view/junior-entwickler-m-w-d-in-bielefeld-gesucht-at-%C4%B1ntercon-solutions-gmbh-3358569848?refId=EhGEWB2IvebdwKLoRsrgiA%3D%3D&trackingId=k4iThOO%2BISnoAu6D332UzQ%3D%3D&position=17&pageNum=4&trk=public_jobs_jserp-result_search-card,linkedin,2022-11-16,Data_Scientist
Softwareentwickler (m/w/d),3 hafta önce,Barkey GmbH & Co. KG,Bielefeld,,https://de.linkedin.com/jobs/view/entwicklungsingenieur-elektronik-schwerpunkt-software-m-w-d-entwicklung-qualit%C3%A4tsmanagement-%C4%B1t-at-barkey-gmbh-co-kg-3273664657?refId=EhGEWB2IvebdwKLoRsrgiA%3D%3D&trackingId=shyi%2FB9vFpZrhZH6%2Fxqgbw%3D%3D&position=18&pageNum=4&trk=public_jobs_jserp-result_search-card,linkedin,2022-11-16,Data_Scientist
Full-Stack-Entwickler,1 ay önce,FASTEC GmbH,Bielefeld,,https://de.linkedin.com/jobs/view/software-developer-for-customer-projects-m-f-d-at-fastec-gmbh-3303502581?refId=EhGEWB2IvebdwKLoRsrgiA%3D%3D&trackingId=oVwFItGkAo87YqFSOkLIbw%3D%3D&position=20&pageNum=4&trk=public_jobs_jserp-result_search-card,linkedin,2022-11-16,Data_Scientist
Feuriger Junior Entwickler (m/w/d) in Paderborn gesucht,1 hafta önce,Intercon Solutions GmbH,Paderborn,,https://de.linkedin.com/jobs/view/energiegeladener-junior-java-oder-c%23-entwickler-m-w-d-mit-power-gesucht%21-at-%C4%B1ntercon-solutions-gmbh-3358757192?refId=EhGEWB2IvebdwKLoRsrgiA%3D%3D&trackingId=MfALCIwxmHf58ng8X2aqig%3D%3D&position=21&pageNum=4&trk=public_jobs_jserp-result_search-card,linkedin,2022-11-16,Data_Scientist
Junior Entwickler (m/w/d) in Bielefeld gesucht,1 hafta önce,Office People Personalmanagement GmbH,Bielefeld,,https://de.linkedin.com/jobs/view/softwareentwickler-m-w-d-sensorik-at-office-people-personalmanagement-gmbh-3350609838?refId=EhGEWB2IvebdwKLoRsrgiA%3D%3D&trackingId=TsHiq%2BA7nHc6BL%2FsBgueVg%3D%3D&position=22&pageNum=4&trk=public_jobs_jserp-result_search-card,linkedin,2022-11-16,Data_Scientist
"Entwicklungsingenieur Elektronik, Schwerpunkt Software (m/w/d) - Entwicklung, Qualitätsmanagement, IT",2 gün önce,FASTEC GmbH,Leopoldshöhe,,https://de.linkedin.com/jobs/view/softwareentwickler-m-w-d-at-fastec-gmbh-3347509241?refId=EhGEWB2IvebdwKLoRsrgiA%3D%3D&trackingId=tclWS5mR2xSuyGlC8eXf2Q%3D%3D&position=23&pageNum=4&trk=public_jobs_jserp-result_search-card,linkedin,2022-11-16,Data_Scientist
Chefarzt (m/w/d) Neurologie | Raum Bielefeld,2 hafta önce,Intercon Solutions GmbH,Bielefeld,,https://de.linkedin.com/jobs/view/w%C4%B1r-suchen-d%C4%B1ch%21-full-stack-entwickler-w-m-d-at-%C4%B1ntercon-solutions-gmbh-3347805231?refId=EhGEWB2IvebdwKLoRsrgiA%3D%3D&trackingId=p%2FqWoeVFaAWpZJasUMhTkQ%3D%3D&position=24&pageNum=4&trk=public_jobs_jserp-result_search-card,linkedin,2022-11-16,Data_Scientist
Software developer for customer projects (m/f/d),4 hafta önce,LanguageTool,Paderborn,,https://de.linkedin.com/jobs/view/devops-engineer-m-w-d-at-languagetool-3354830471?refId=EhGEWB2IvebdwKLoRsrgiA%3D%3D&trackingId=8VdMFpRDTBCv2nddgZ6mew%3D%3D&position=25&pageNum=4&trk=public_jobs_jserp-result_search-card,linkedin,2022-11-16,Data_Scientist
Energiegeladener Junior Java oder C# Entwickler (m/w/d) mit Power gesucht!,1 ay önce,WEP Personalservice GmbH,Paderborn,,https://de.linkedin.com/jobs/view/software-developer-embedded-c%2B%2B-m-f-d-at-wep-personalservice-gmbh-3345720250?refId=LbWUgia6cWf0L1NcJpN0iQ%3D%3D&trackingId=%2BHtFodqJXI%2FzIoqzQ2nw8w%3D%3D&position=2&pageNum=5&trk=public_jobs_jserp-result_search-card,linkedin,2022-11-16,Data_Scientist
Softwareentwickler (m/w/d) Sensorik,5 gün önce,vitroconnect GmbH,Delbrück,,https://de.linkedin.com/jobs/view/software-developer-m-w-d-java-at-vitroconnect-gmbh-3342106271?refId=LbWUgia6cWf0L1NcJpN0iQ%3D%3D&trackingId=vrm9LAL1hnoNTHrFubiYiQ%3D%3D&position=3&pageNum=5&trk=public_jobs_jserp-result_search-card,linkedin,2022-11-16,Data_Scientist
Softwareentwickler (m/w/d),2 gün önce,Intercon Solutions GmbH,Paderborn,,https://de.linkedin.com/jobs/view/endspurt%21-auf-%C4%B1ns-jahr-2023%21-softwareentwickler-m-w-d-gesucht%21-at-%C4%B1ntercon-solutions-gmbh-3342117134?refId=LbWUgia6cWf0L1NcJpN0iQ%3D%3D&trackingId=aIspxNdHZ%2BVbliDN4aP2mQ%3D%3D&position=4&pageNum=5&trk=public_jobs_jserp-result_search-card,linkedin,2022-11-16,Data_Scientist
WIR SUCHEN DICH! Full Stack - Entwickler (w/m/d),1 hafta önce,Unchained Robotics,Paderborn,,https://de.linkedin.com/jobs/view/team-lead-fullstack-developer-m-w-d-at-unchained-robotics-3342279536?refId=LbWUgia6cWf0L1NcJpN0iQ%3D%3D&trackingId=oaRXXwj0kAiqN77sctcJEw%3D%3D&position=5&pageNum=5&trk=public_jobs_jserp-result_search-card,linkedin,2022-11-16,Data_Scientist
DevOps Engineer (m/w/d),4 hafta önce,Office People Personalmanagement GmbH,Bielefeld,,https://de.linkedin.com/jobs/view/full-stack-webentwickler-m-w-d-at-office-people-personalmanagement-gmbh-3352963580?refId=LbWUgia6cWf0L1NcJpN0iQ%3D%3D&trackingId=zvqvKwweRZ%2FtrS1MYx9Okw%3D%3D&position=6&pageNum=5&trk=public_jobs_jserp-result_search-card,linkedin,2022-11-16,Data_Scientist
Softwareentwickler (m/w/d),1 ay önce,Brunel,Rietberg,,https://de.linkedin.com/jobs/view/embedded-softwareentwickler-at-brunel-3334754634?refId=LbWUgia6cWf0L1NcJpN0iQ%3D%3D&trackingId=xHIhhowY%2Bfd2%2BNCcwWhR3Q%3D%3D&position=7&pageNum=5&trk=public_jobs_jserp-result_search-card,linkedin,2022-11-16,Data_Scientist
Software Developer Embedded C++ (m/f/d),5 gün önce,NEOMATIC AG,Leopoldshöhe,,https://de.linkedin.com/jobs/view/full-stack-entwickler-m-w-d-at-neomat%C4%B1c-ag-3331823001?refId=LbWUgia6cWf0L1NcJpN0iQ%3D%3D&trackingId=%2FdoPI6RNUpHthvC0DF%2FYLw%3D%3D&position=8&pageNum=5&trk=public_jobs_jserp-result_search-card,linkedin,2022-11-16,Data_Scientist
Software Developer (m/w/d) Java,1 hafta önce,bitside GmbH,Gütersloh,,https://de.linkedin.com/jobs/view/senior-software-engineer-remote-m-w-d-at-bitside-gmbh-3312769389?refId=LbWUgia6cWf0L1NcJpN0iQ%3D%3D&trackingId=CuDMIGSndZRalCmAK2jfPA%3D%3D&position=9&pageNum=5&trk=public_jobs_jserp-result_search-card,linkedin,2022-11-16,Data_Scientist
ENDSPURT! AUF INS JAHR 2023! - Softwareentwickler (m/w/d) gesucht!,1 hafta önce,Brunel,Paderborn,,https://de.linkedin.com/jobs/view/backend-softwareentwickler-at-brunel-3356261749?refId=LbWUgia6cWf0L1NcJpN0iQ%3D%3D&trackingId=i8gD9fStOYHQTpSb0Dh4Xg%3D%3D&position=10&pageNum=5&trk=public_jobs_jserp-result_search-card,linkedin,2022-11-16,Data_Scientist
Team Lead Fullstack Developer (m/w/d),1 hafta önce,FORTIS IT-Services GmbH,Paderborn,,https://de.linkedin.com/jobs/view/cloud-entwicklerin-at-fort%C4%B1s-%C4%B1t-services-gmbh-3360487022?refId=LbWUgia6cWf0L1NcJpN0iQ%3D%3D&trackingId=VQbbDMfpLgQKD0naJ7eKUQ%3D%3D&position=11&pageNum=5&trk=public_jobs_jserp-result_search-card,linkedin,2022-11-16,Data_Scientist
Full Stack Webentwickler (m/w/d),1 hafta önce,Riverty,Schloß Holte-Stukenbrock,,https://de.linkedin.com/jobs/view/senior-full-stack-developer-fintech-%C4%B1nnovation-m-f-d-at-riverty-3337099175?refId=LbWUgia6cWf0L1NcJpN0iQ%3D%3D&trackingId=ozn6y2QYRrK3cDPYekqbaQ%3D%3D&position=12&pageNum=5&trk=public_jobs_jserp-result_search-card,linkedin,2022-11-16,Data_Scientist
Embedded Softwareentwickler,3 hafta önce,Plan.One,Bielefeld,,https://de.linkedin.com/jobs/view/backend-developer-w-m-d-anwendungsentwicklung-%C4%B1ngenieur-at-plan-one-3275606318?refId=LbWUgia6cWf0L1NcJpN0iQ%3D%3D&trackingId=GhKqsv%2BDzwzRPrsRKXTUlQ%3D%3D&position=14&pageNum=5&trk=public_jobs_jserp-result_search-card,linkedin,2022-11-16,Data_Scientist
Full Stack Entwickler (m/w/d),4 hafta önce,Brunel,Bielefeld,,https://de.linkedin.com/jobs/view/embedded-softwareentwickler-at-brunel-3355003590?refId=LbWUgia6cWf0L1NcJpN0iQ%3D%3D&trackingId=skHtKaOX%2FNj8jAc3HcvJCg%3D%3D&position=15&pageNum=5&trk=public_jobs_jserp-result_search-card,linkedin,2022-11-16,Data_Scientist
Senior Software Engineer - Remote (m/w/d),2 hafta önce,Intercon Solutions GmbH,Bielefeld,,https://de.linkedin.com/jobs/view/junior-entwickler-der-durchstarten-m%C3%B6chte-m-w-d-in-bielefeld-gesucht-at-%C4%B1ntercon-solutions-gmbh-3346085875?refId=LbWUgia6cWf0L1NcJpN0iQ%3D%3D&trackingId=%2FlukGTYgukwY05JhTSITRg%3D%3D&position=16&pageNum=5&trk=public_jobs_jserp-result_search-card,linkedin,2022-11-16,Data_Scientist
Backend Softwareentwickler,1 ay önce,Dirk Kremer Consulting,Bielefeld,,https://de.linkedin.com/jobs/view/softwareentwickler-%E2%80%93-software-developer-g-touch-oberfl%C3%A4chen-%E2%80%93-embedded-devices-%E2%80%93-desktop-plattformen-at-dirk-kremer-consulting-3341563856?refId=LbWUgia6cWf0L1NcJpN0iQ%3D%3D&trackingId=NkILk9EOHp5LLVsHEnJYsw%3D%3D&position=17&pageNum=5&trk=public_jobs_jserp-result_search-card,linkedin,2022-11-16,Data_Scientist
Cloud Entwicklerin,1 ay önce,Computer Futures,Gütersloh,,https://de.linkedin.com/jobs/view/embedded-hardware-entwickler-m-w-d-at-computer-futures-3258201767?refId=LbWUgia6cWf0L1NcJpN0iQ%3D%3D&trackingId=h3GWwXJsFP4EgIigSMav9Q%3D%3D&position=18&pageNum=5&trk=public_jobs_jserp-result_search-card,linkedin,2022-11-16,Data_Scientist
(Senior) Full-Stack Developer Fintech Innovation (m/f/d),1 ay önce,Miele,Verl,,https://de.linkedin.com/jobs/view/senior-c%C4%B1-cd-%C4%B1ngenieur-m-w-d-at-miele-3348560926?refId=LbWUgia6cWf0L1NcJpN0iQ%3D%3D&trackingId=fYsQYs1qdXQdMZGDU97%2F%2Fg%3D%3D&position=19&pageNum=5&trk=public_jobs_jserp-result_search-card,linkedin,2022-11-16,Data_Scientist
Software Developer Go (m/f/x),,LaVision BioTec GmbH – A Miltenyi Biotec Company,Bielefeld,,https://de.linkedin.com/jobs/view/softwareentwickler-deep-learning-2d-3d-mikroskopie-daten-m-w-d-lavision-biotec-gmbh-at-lavision-biotec-gmbh-%E2%80%93-a-miltenyi-biotec-company-3315639863?refId=LbWUgia6cWf0L1NcJpN0iQ%3D%3D&trackingId=Xn9bUh1IWtkw4eeXmSplfg%3D%3D&position=20&pageNum=5&trk=public_jobs_jserp-result_search-card,linkedin,2022-11-16,Data_Scientist
"Backend Developer (w/m/d) - Anwendungsentwicklung, Ingenieur",,Rippert Anlagentechnik GmbH & Co. KG,Bielefeld,,https://de.linkedin.com/jobs/view/application-developer-in-the-erp-area-m-f-d-at-rippert-anlagentechnik-gmbh-co-kg-3322737575?refId=LbWUgia6cWf0L1NcJpN0iQ%3D%3D&trackingId=eRAuV65SYEUQ2vu92h6IIw%3D%3D&position=21&pageNum=5&trk=public_jobs_jserp-result_search-card,linkedin,2022-11-16,Data_Scientist
Embedded Softwareentwickler,,codestryke GmbH,Detmold,,https://de.linkedin.com/jobs/view/backend-entwickler-mit-node-js-remote-w-m-d-at-codestryke-gmbh-3334988896?refId=LbWUgia6cWf0L1NcJpN0iQ%3D%3D&trackingId=MhbMh83kz%2BxgmdkJXoD0Hw%3D%3D&position=22&pageNum=5&trk=public_jobs_jserp-result_search-card,linkedin,2022-11-16,Data_Scientist
Junior Entwickler der durchstarten möchte (m/w/d) in Bielefeld gesucht,,Arvato Systems,Paderborn,,https://de.linkedin.com/jobs/view/senior-data-engineer-ml-m-w-d-at-arvato-systems-3299451959?refId=LbWUgia6cWf0L1NcJpN0iQ%3D%3D&trackingId=OpJehNuuHEbtrN92utocKA%3D%3D&position=24&pageNum=5&trk=public_jobs_jserp-result_search-card,linkedin,2022-11-16,Data_Scientist
Softwareentwickler – Software Developer (g*) Touch Oberflächen – Embedded Devices – Desktop Plattformen,,codestryke GmbH,Bielefeld,,https://de.linkedin.com/jobs/view/backend-developer-im-%C4%B1t-startup-remote-m-w-d-at-codestryke-gmbh-3354837237?refId=LbWUgia6cWf0L1NcJpN0iQ%3D%3D&trackingId=ZbwFIAo9%2B%2FquLYFo7T3jKQ%3D%3D&position=25&pageNum=5&trk=public_jobs_jserp-result_search-card,linkedin,2022-11-16,Data_Scientist
Embedded Hardware Entwickler (m/w/d),,,Lippstadt,,,linkedin,2022-11-16,Data_Scientist
Senior CI/CD Ingenieur m|w|d,,,Kreis Gütersloh,,,linkedin,2022-11-16,Data_Scientist
"Softwareentwickler - Deep Learning, 2D, 3D Mikroskopie-Daten (m/w/d)- LaVision BioTec GmbH",,,Bielefeld,,,linkedin,2022-11-16,Data_Scientist
Application developer in the ERP area (m/f/d),,,Herzebrock,,,linkedin,2022-11-16,Data_Scientist
Backend Entwickler mit Node.js - Remote (w/m/d),,,Bielefeld,,,linkedin,2022-11-16,Data_Scientist
SOFTWARE ENGINEER (W/M/D),,,Bielefeld,,,linkedin,2022-11-16,Data_Scientist
(Senior) Data Engineer ML (m/w/d),,,Gütersloh,,,linkedin,2022-11-16,Data_Scientist
Backend Developer im IT Startup Remote (m/w/d),,,Bielefeld,,,linkedin,2022-11-16,Data_Scientist
